first,diff
fiber,17
fiber,52
fiber,6
fiber,12
fiber,40
fiber,15
fiber,41
fiber,8
fiber,8
blxr,-10
fiber,13
blxr,-12
fiber,65
fiber,13
fiber,17
fiber,62
fiber,33
blxr,-2
fiber,36
fiber,20
fiber,64
blxr,-3
fiber,9
fiber,30
fiber,24
fiber,39
fiber,34
blxr,-11
fiber,6
fiber,13
fiber,34
fiber,20
blxr,-7
blxr,-10
blxr,-10
blxr,-13
fiber,12
fiber,21
fiber,91
fiber,27
fiber,19
blxr,-50
fiber,162
fiber,36
fiber,30
fiber,32
fiber,10
fiber,14
fiber,3
fiber,100
fiber,26
blxr,-14
fiber,53
fiber,70
fiber,5
blxr,-10
blxr,-19
fiber,39
fiber,35
fiber,21
fiber,15
fiber,6
fiber,30
fiber,9
fiber,11
blxr,-5
fiber,8
fiber,53
fiber,22
blxr,-9
fiber,23
fiber,79
fiber,539
blxr,-7
blxr,-25
fiber,3
blxr,-4
fiber,29
fiber,16
fiber,12
blxr,-10
fiber,7
fiber,5
fiber,2
blxr,-7
fiber,14
fiber,42555
fiber,21
fiber,50
fiber,15
fiber,132
blxr,-15
fiber,27
fiber,5
fiber,10
blxr,-23
fiber,42
fiber,28
blxr,-14
fiber,7
fiber,11
blxr,-2
fiber,20
blxr,-8
fiber,34
fiber,19
fiber,17
blxr,-3
fiber,8909
blxr,-10
fiber,53
blxr,-1
blxr,0
fiber,6
fiber,23
blxr,-14
fiber,11
blxr,-12
fiber,47
fiber,16
fiber,5
fiber,9
fiber,10
fiber,28
fiber,20
fiber,33
fiber,4
fiber,9
blxr,-1
blxr,0
fiber,13
fiber,21
fiber,2
fiber,10
blxr,-10
fiber,63
fiber,33
fiber,319941
fiber,25
fiber,17
fiber,3
fiber,17
fiber,14
fiber,15
fiber,3
fiber,46
fiber,16
blxr,-12
blxr,-82
fiber,6
fiber,19
blxr,-1
blxr,-7
blxr,-2
fiber,27
fiber,40
blxr,0
fiber,33
fiber,10
fiber,17
fiber,60
fiber,40
fiber,19
fiber,1
fiber,61
blxr,-27
fiber,32
fiber,164
fiber,34
fiber,7
fiber,37
fiber,3
fiber,54
fiber,89037
fiber,4
fiber,28
fiber,34
blxr,-8
fiber,30
blxr,-29
blxr,-7
blxr,-5
blxr,-5
fiber,10
fiber,24
fiber,21
fiber,9
blxr,-22
blxr,-95
fiber,34
fiber,3281
fiber,33
fiber,66
fiber,6
fiber,18
blxr,-1
blxr,-9
fiber,22
fiber,11
blxr,-9
fiber,340
fiber,3
fiber,18
blxr,0
fiber,16
blxr,-19
blxr,-2
blxr,-527834
fiber,79
fiber,5
fiber,22
fiber,23
fiber,777334
blxr,-7
blxr,-5
blxr,-11
fiber,14
fiber,4
blxr,-4
blxr,-8
blxr,-43
fiber,17
fiber,4
fiber,37
fiber,3
fiber,35
fiber,7
fiber,2
fiber,24
blxr,-16
fiber,5
fiber,9
fiber,13
blxr,-277
fiber,15
fiber,10
blxr,-12
fiber,47
fiber,1
fiber,53
blxr,-13
blxr,-12
fiber,27
fiber,29
fiber,64
fiber,21
fiber,19
fiber,14
fiber,40
fiber,14
fiber,96
fiber,6
blxr,-5
fiber,21
fiber,83
fiber,1962
fiber,41
fiber,16
fiber,34
fiber,21
fiber,29
fiber,6
blxr,0
fiber,18
fiber,21
fiber,19
fiber,23
blxr,-31
blxr,0
fiber,17
fiber,23
fiber,35
fiber,16
fiber,93
fiber,35
fiber,11
blxr,-9
fiber,15
fiber,38
fiber,48
fiber,66
fiber,25
blxr,-1
fiber,10
fiber,19
fiber,33
fiber,659992
fiber,30
blxr,-4
blxr,-13
blxr,-8
blxr,-1
fiber,22
fiber,1
blxr,-3
fiber,38
blxr,-13
fiber,41
fiber,18
blxr,-28
fiber,7
fiber,5
blxr,-6
fiber,16
fiber,11
fiber,45
blxr,-10
blxr,-1
fiber,37
fiber,5
blxr,-34
blxr,-3
blxr,-7
blxr,-26
fiber,71
blxr,0
blxr,-72
fiber,6
fiber,26
fiber,65
fiber,23
blxr,-6
fiber,50
fiber,64
fiber,33
blxr,0
fiber,23
fiber,10
fiber,21
blxr,-7
fiber,26
fiber,40
fiber,9
fiber,13
fiber,9
fiber,31
blxr,-5
fiber,29
blxr,-8
blxr,-2
fiber,12
fiber,12
fiber,7
fiber,17
fiber,3
fiber,33
fiber,12
fiber,10
fiber,5
fiber,35
fiber,31
fiber,12
fiber,75
fiber,14
fiber,3
fiber,14
fiber,10
blxr,-24
fiber,4
blxr,-4
fiber,65
fiber,19
blxr,-1
fiber,25
fiber,18
blxr,-15
fiber,22
blxr,-11
blxr,0
fiber,17
fiber,51
blxr,0
blxr,-2
fiber,38
fiber,9
fiber,45
blxr,-4
fiber,12
blxr,-11
fiber,59
blxr,-6
fiber,37
blxr,0
fiber,12
fiber,9
fiber,11
fiber,24
fiber,11
blxr,0
blxr,-18
blxr,-118
fiber,15
fiber,25
blxr,-2
fiber,12
blxr,-70
fiber,10
fiber,16
blxr,-31
fiber,60
fiber,35
blxr,-5
fiber,22
fiber,44
blxr,-9
fiber,13
blxr,-3
fiber,8
fiber,15
blxr,0
fiber,9
fiber,23
fiber,15
blxr,-4
fiber,17
fiber,32
fiber,11
fiber,51
fiber,47
blxr,-2
blxr,-11
fiber,19
fiber,106
fiber,4
fiber,22
fiber,35
blxr,-14
fiber,4
blxr,-5
fiber,48
fiber,1
fiber,19
fiber,22
fiber,7
fiber,52
fiber,225779
fiber,37
blxr,-23
fiber,26
fiber,32
fiber,27
blxr,-474
fiber,10
fiber,23
fiber,3
fiber,25
blxr,0
fiber,1
blxr,-16
fiber,14
blxr,-17
fiber,628
fiber,20
fiber,25
blxr,-13
fiber,1
fiber,103
blxr,-12
fiber,20
fiber,13
fiber,12
blxr,-23
blxr,-13
fiber,14
fiber,7
blxr,-14
blxr,-20
fiber,50
fiber,6
fiber,30
fiber,25
blxr,0
fiber,13
fiber,49
blxr,-7
blxr,-7
fiber,7
blxr,-7
fiber,12
fiber,9
blxr,0
fiber,6
fiber,25
fiber,4167
fiber,22
fiber,7
blxr,-3
blxr,-6
fiber,12
blxr,-7
fiber,28
fiber,10
fiber,13
fiber,36
blxr,-22
blxr,-5
blxr,-5
blxr,-36
fiber,58
fiber,4
blxr,-3
fiber,28
fiber,21
blxr,-12
fiber,22
fiber,30
blxr,-9
blxr,-35
blxr,-6
fiber,29
fiber,31
blxr,-31
fiber,2
blxr,-117
fiber,11
fiber,4
blxr,-12
fiber,1232
fiber,8
fiber,22
blxr,-9
fiber,19
blxr,-5
fiber,14
blxr,-9
fiber,4
fiber,3
fiber,32
fiber,19
fiber,688
fiber,32
fiber,9
fiber,7
fiber,39
blxr,-2
fiber,57
blxr,-4
fiber,70
fiber,38
fiber,12
fiber,5
blxr,-13
fiber,16
fiber,43
fiber,18
fiber,10
fiber,7
fiber,1
fiber,30
blxr,-3
fiber,11
fiber,21
blxr,-242
fiber,9
fiber,5
fiber,28
fiber,3
fiber,46
fiber,3
fiber,75
blxr,-11
fiber,5
fiber,8
fiber,13
blxr,-8
blxr,-8
blxr,0
fiber,10
fiber,37
blxr,-10
blxr,-9
blxr,-17
blxr,0
fiber,181
fiber,28
blxr,-28
fiber,23
fiber,11
fiber,82
fiber,52
fiber,4
fiber,45
blxr,-5
blxr,-10
blxr,-3
fiber,4
fiber,10
fiber,7
fiber,21
blxr,-5
fiber,14
blxr,-3
fiber,66
fiber,22
fiber,20
fiber,20
fiber,18
fiber,92
blxr,-13
fiber,17
fiber,8
blxr,-1
fiber,23
fiber,39
fiber,11
fiber,28
blxr,-15
fiber,29
fiber,21
fiber,10
fiber,36
fiber,24
blxr,-7
fiber,73
fiber,18
fiber,14
blxr,-177
blxr,-1
fiber,45
fiber,17
fiber,25
fiber,23
fiber,20
fiber,7
fiber,11
blxr,-16
fiber,5
blxr,-2
fiber,31
fiber,16
fiber,12
fiber,22
fiber,31
fiber,17
fiber,17
fiber,5
fiber,28
fiber,8
fiber,14
fiber,28
fiber,16
fiber,16
fiber,5
blxr,-4
fiber,6
fiber,24
fiber,1
fiber,43
fiber,30
blxr,-28
blxr,-6
fiber,28
fiber,19
fiber,27
fiber,10
fiber,4
blxr,-8
blxr,-3
fiber,4
fiber,23
blxr,-1
fiber,10
fiber,30
fiber,45
fiber,44
fiber,47
fiber,35
fiber,8
fiber,9
fiber,10
blxr,0
fiber,38
fiber,22
blxr,0
fiber,3
fiber,14
fiber,17
fiber,7
blxr,-2
fiber,10
fiber,21
fiber,39
fiber,6
fiber,15
fiber,21
fiber,37
fiber,9
fiber,5
fiber,5
fiber,2
blxr,0
fiber,18
fiber,37
fiber,48
fiber,25
fiber,18
fiber,16
fiber,50
fiber,2
blxr,-9
fiber,49
fiber,34
fiber,15
fiber,22
fiber,48
blxr,-2
fiber,25
fiber,29
blxr,-28
blxr,0
blxr,-8
fiber,23
blxr,-7
fiber,16
fiber,67
blxr,-4
fiber,17
fiber,6
blxr,-10
fiber,42
fiber,723
fiber,53
fiber,53
fiber,15
fiber,2
fiber,18
blxr,-10
blxr,-23
fiber,72
blxr,-19
blxr,-17
fiber,29
fiber,17
fiber,40
fiber,17
fiber,53
blxr,-1
fiber,68
fiber,23
blxr,0
fiber,34
fiber,1
fiber,28
fiber,52
fiber,12
fiber,19
blxr,-54
blxr,-10
fiber,75
fiber,9
blxr,-11
fiber,19
fiber,30
fiber,6
blxr,-9
blxr,-3
fiber,14
fiber,36
blxr,-1
blxr,-13
fiber,16
blxr,-33
fiber,17
fiber,16
blxr,-6
blxr,-5
blxr,0
fiber,4
blxr,0
blxr,-4
fiber,19
fiber,6
blxr,-39
fiber,10
fiber,11
blxr,-2
fiber,16
fiber,30
fiber,9
fiber,33
blxr,-23
blxr,-16
fiber,23
fiber,35
fiber,32
fiber,44
fiber,25
fiber,1
blxr,-103
fiber,21
fiber,12
blxr,-24
fiber,28
fiber,29
blxr,-8
fiber,29
fiber,26
blxr,-10
fiber,4
blxr,-4
fiber,15
fiber,19
blxr,-19
blxr,-9
blxr,-29
fiber,16
fiber,13
fiber,228
blxr,-5
fiber,52
fiber,61
fiber,25
fiber,13
fiber,10
blxr,-5
blxr,0
blxr,-8
fiber,53
fiber,14
fiber,19
fiber,51
fiber,2
fiber,25
fiber,61
blxr,-8
fiber,47
blxr,-2099
blxr,-2
fiber,8
fiber,38
fiber,2
fiber,2
fiber,11
fiber,2
fiber,3
fiber,7
blxr,-7
fiber,57
fiber,21
fiber,20
fiber,27
fiber,4
fiber,20
fiber,10
blxr,-20
fiber,13
blxr,-12
fiber,17
fiber,66
fiber,8
fiber,11
blxr,-23
fiber,4
fiber,215
fiber,14
fiber,40
fiber,35
fiber,27
blxr,-6
fiber,8
fiber,12
fiber,36
fiber,189
blxr,-7
fiber,19
fiber,18
fiber,7
fiber,4
fiber,28
fiber,2
blxr,-17
fiber,18
fiber,6
fiber,82
fiber,27
blxr,-5
fiber,17
fiber,26
fiber,30
fiber,11
fiber,7
fiber,20
blxr,0
fiber,32
fiber,13
fiber,4
fiber,13
fiber,11
fiber,30
blxr,-8
fiber,9
fiber,14
fiber,68
blxr,-22
fiber,6
blxr,-13
blxr,-12
blxr,-208
fiber,40
fiber,21
fiber,22
blxr,0
blxr,-32
fiber,52
fiber,4
blxr,-14
blxr,-114
fiber,14
fiber,4798
fiber,110
fiber,44
fiber,24
fiber,22
fiber,113
fiber,16
fiber,29
fiber,12
fiber,16
blxr,-8
blxr,-8
fiber,6
fiber,10
fiber,18
fiber,59
fiber,83
fiber,1124
fiber,6
fiber,47
fiber,6
fiber,6
fiber,28
fiber,23
fiber,13
blxr,-8
fiber,24
fiber,3
fiber,43
fiber,5
blxr,-4
fiber,33
fiber,67
blxr,-71
fiber,19
fiber,14
blxr,-8
blxr,-4
fiber,42
fiber,48
fiber,16
fiber,9
fiber,572
fiber,34
fiber,26
fiber,21
blxr,-1
fiber,26
fiber,16
fiber,15
blxr,-15
fiber,21
fiber,69
blxr,0
fiber,45
blxr,-1
blxr,-110
blxr,-7
fiber,40
fiber,26
blxr,-12
fiber,26
blxr,-5
blxr,-11
fiber,27
fiber,34
fiber,33
fiber,28
fiber,10
blxr,-8
blxr,-22
fiber,7
fiber,26
blxr,-11
blxr,-17
fiber,49
fiber,9
fiber,48
fiber,3
fiber,1
fiber,58
fiber,24
fiber,2
blxr,-2
fiber,18
fiber,35
fiber,13
fiber,40
fiber,44
fiber,29
blxr,-128
fiber,22
fiber,42
fiber,21
fiber,21
fiber,29
fiber,10
blxr,-5
fiber,39
fiber,42
fiber,2
fiber,22
fiber,33
fiber,35
blxr,0
fiber,8
blxr,-11
blxr,-1
blxr,-8
blxr,-8
blxr,-3
fiber,9
blxr,-34
blxr,-7
fiber,16
fiber,51
blxr,-5
blxr,-644
fiber,7
fiber,19
fiber,3
fiber,51
fiber,3
fiber,18
blxr,-8
fiber,7
blxr,-483920
blxr,-10
fiber,23
fiber,30
fiber,34
fiber,19
fiber,3495
fiber,20
fiber,20
fiber,20
fiber,3
blxr,-1
blxr,-10
fiber,140
fiber,53
fiber,24
fiber,14
fiber,9
fiber,52
blxr,-51
fiber,11
blxr,-7
fiber,25
fiber,18
blxr,-11
fiber,18
blxr,-3
fiber,174
blxr,-66
fiber,11
fiber,83
blxr,-2
blxr,-5
fiber,204
fiber,68
fiber,59
fiber,18
fiber,37
fiber,125
fiber,33
fiber,41
fiber,68
blxr,-3
blxr,-12
blxr,-2
fiber,10
blxr,-8
fiber,30
blxr,-1
fiber,48
fiber,42
blxr,0
fiber,28
blxr,-8
fiber,43
blxr,-6
blxr,-6
fiber,8
fiber,20
blxr,-3
fiber,69
fiber,66
fiber,12
fiber,18
fiber,28
fiber,8
blxr,-7
fiber,23
fiber,40
fiber,20
fiber,81
fiber,8
blxr,-10
fiber,6
fiber,78
fiber,24
fiber,24
blxr,-13
blxr,-58
blxr,-11
blxr,-2
fiber,10
fiber,22
fiber,86
blxr,-6
fiber,7
fiber,15
fiber,70
blxr,-1
blxr,-4
fiber,34
fiber,28
blxr,-4
fiber,7
fiber,8
fiber,29
fiber,51
fiber,42
fiber,26
fiber,51
fiber,17
blxr,-1
blxr,-6
fiber,14
fiber,18
blxr,-4
fiber,6
blxr,-16
fiber,32
fiber,45
fiber,45
fiber,14
fiber,15
fiber,13
fiber,52
fiber,22
blxr,-7
fiber,110
fiber,12
fiber,46
fiber,90
fiber,11
fiber,4
fiber,14
blxr,-11
fiber,54
blxr,-13
blxr,-7
blxr,-31
blxr,-77
fiber,15
fiber,57
fiber,22
fiber,7
fiber,23
fiber,14
fiber,4
fiber,1
blxr,-6
fiber,16
blxr,-11
blxr,-33
blxr,-11
fiber,58
blxr,0
fiber,97
fiber,23
fiber,78
fiber,10
blxr,-2
fiber,21
fiber,8
fiber,16
blxr,-5
fiber,8
fiber,28
fiber,21
blxr,-14
fiber,28
fiber,13
fiber,1
fiber,25
blxr,-3
fiber,13
fiber,3
fiber,41
fiber,37
fiber,6
blxr,-5
blxr,-11
fiber,1
fiber,8
fiber,1
fiber,8
fiber,33
blxr,-57
fiber,8
fiber,76
blxr,-16
fiber,60
fiber,12
fiber,17
blxr,-10
fiber,32
blxr,-9
fiber,21
fiber,44
fiber,454
fiber,19
fiber,47
fiber,9
fiber,17
fiber,16
blxr,-13
blxr,-2
fiber,145
fiber,19
fiber,3
fiber,18
fiber,240
fiber,35
fiber,157
fiber,9
fiber,6
fiber,7
fiber,3
fiber,9
fiber,32
fiber,34
fiber,101
fiber,61
blxr,-3
fiber,20
fiber,6
fiber,15
fiber,9
fiber,7
fiber,6
blxr,-13
fiber,33
fiber,26
blxr,-10
blxr,-11
blxr,-2
fiber,137
fiber,1
fiber,6
blxr,-3
fiber,4
fiber,40
blxr,-6
blxr,-5
fiber,10
fiber,6
fiber,14
fiber,19
blxr,-19
blxr,-1
fiber,9
fiber,14
fiber,24
fiber,10
blxr,0
blxr,-2
fiber,11
fiber,41
fiber,78
fiber,1098
fiber,9
fiber,24
fiber,10
fiber,23
blxr,-10
fiber,31
fiber,22
fiber,7
fiber,8
fiber,10
fiber,18
blxr,-12
fiber,23
fiber,114
blxr,-117
blxr,-27
fiber,12
fiber,14
blxr,0
fiber,13
fiber,70
fiber,19
blxr,-12
fiber,8
fiber,4
fiber,3
blxr,-1
fiber,6
fiber,41
fiber,18
blxr,-12
fiber,11
fiber,20
fiber,5
blxr,-10
blxr,-1864
fiber,31
blxr,-10
fiber,495
blxr,-7
fiber,48
fiber,77
fiber,80
fiber,13
blxr,-2
fiber,40
blxr,-15
fiber,18
fiber,81
fiber,90
fiber,22
fiber,55
fiber,47
blxr,-2
fiber,21
fiber,30
fiber,12
fiber,13
fiber,55
fiber,8
fiber,33
fiber,9
blxr,0
fiber,12
fiber,49
blxr,-5
blxr,-9
fiber,24
fiber,40
fiber,14
fiber,19
blxr,-9
blxr,0
fiber,24
fiber,37
fiber,20
fiber,4
fiber,40
fiber,42
fiber,33
fiber,51
fiber,1319
fiber,25
fiber,4
fiber,18
fiber,4
fiber,6
fiber,16
fiber,141
blxr,-28
fiber,11
blxr,-20
fiber,5
fiber,9
fiber,8
fiber,21
blxr,-14
fiber,15
blxr,-5
fiber,30
blxr,-2
fiber,16
fiber,64
fiber,16
blxr,0
fiber,5
fiber,38
blxr,-11
blxr,-20
fiber,69
fiber,12
fiber,11
blxr,-9
fiber,6
fiber,4
fiber,5
fiber,30
blxr,0
blxr,-11
blxr,-3
fiber,7
blxr,-13
fiber,8
blxr,-7
blxr,-3
blxr,-18
fiber,67
fiber,5
fiber,8
fiber,11
fiber,34
fiber,1
fiber,28
fiber,15
blxr,-8
fiber,38
fiber,53
fiber,66
fiber,2
fiber,66
fiber,10
fiber,49
fiber,9
fiber,25
fiber,15
fiber,15
fiber,6
fiber,8
blxr,-29
fiber,13
blxr,-7
fiber,37
fiber,21
fiber,36
fiber,18
fiber,76
fiber,114
fiber,5
fiber,2
blxr,-10
fiber,100
fiber,60
fiber,23
fiber,127
fiber,48
fiber,7
fiber,22
blxr,0
fiber,83
blxr,-24
fiber,64
fiber,2
fiber,51
blxr,-6
fiber,3
blxr,-14
fiber,5
fiber,2
fiber,9
fiber,16
fiber,1
blxr,-69
fiber,22
fiber,18
fiber,27
fiber,25
fiber,73
fiber,36
fiber,32
fiber,9
blxr,-1
fiber,12
fiber,20
fiber,37
blxr,-8
fiber,157
fiber,24
fiber,25
fiber,62
blxr,-7
fiber,11
fiber,37
fiber,34
fiber,23
fiber,16
fiber,11
fiber,11
blxr,-60
fiber,35
fiber,759
fiber,4
fiber,14
fiber,442
blxr,-4
blxr,-10
fiber,2
blxr,0
fiber,22
blxr,-25
fiber,1791
fiber,10
fiber,1
fiber,41
fiber,15
blxr,-5
blxr,-9
blxr,-5
fiber,23
fiber,18
fiber,42
fiber,14
fiber,74
fiber,1
fiber,14
fiber,8
fiber,52
fiber,81
fiber,22206
fiber,10
fiber,55
fiber,8
fiber,18
fiber,10
fiber,41
fiber,6
fiber,32
blxr,-9
fiber,39
blxr,-2
fiber,7
fiber,17
fiber,55
fiber,80
fiber,76
fiber,37
fiber,17
blxr,-2
fiber,17
fiber,23
blxr,-6
blxr,-2
fiber,64
fiber,24
fiber,20
blxr,-7
fiber,34
fiber,10
fiber,51
fiber,22
fiber,1664
fiber,19
fiber,24
fiber,3
blxr,-24
fiber,29
fiber,67
fiber,4
fiber,20
blxr,-4
fiber,12
blxr,0
fiber,10
fiber,12
fiber,3
blxr,-7
fiber,54
fiber,9
fiber,12
fiber,85
fiber,120
fiber,9
fiber,13
fiber,34
fiber,8
blxr,-15
blxr,-12
fiber,30
fiber,60
blxr,0
blxr,-20
fiber,21
blxr,-7
fiber,42
fiber,1
blxr,-21
fiber,442
fiber,19
fiber,25
blxr,-14
fiber,22
blxr,-4
fiber,19
fiber,87
fiber,16
fiber,16
blxr,-3
fiber,242
fiber,12
blxr,-7
fiber,4
fiber,12
fiber,15
blxr,-10
fiber,20
blxr,-6
blxr,-23
fiber,6
fiber,26
fiber,19
fiber,37
fiber,34
fiber,1806
fiber,6
fiber,2
fiber,4
fiber,5
fiber,42
fiber,12
fiber,12
fiber,12
fiber,23
blxr,-1
fiber,29
blxr,0
blxr,-13
fiber,81
fiber,34
fiber,14
fiber,57
fiber,8
fiber,7
fiber,4
fiber,15
fiber,22
fiber,13
fiber,526
fiber,37
fiber,19
fiber,48
blxr,-7
blxr,-15
fiber,12
fiber,33
blxr,-33
fiber,31
fiber,89
blxr,-16
fiber,14
blxr,0
blxr,-2
fiber,67
fiber,8
fiber,9
blxr,-8
blxr,-14
fiber,14
fiber,96
fiber,28
fiber,71
blxr,-3
fiber,6
fiber,33
fiber,23
fiber,22
fiber,4
fiber,13
fiber,11
fiber,27
fiber,77
fiber,13
fiber,3
blxr,-27
fiber,55
blxr,-30
blxr,-94
fiber,6
fiber,10
blxr,-12
fiber,5
fiber,9
fiber,19
fiber,15
fiber,6
blxr,0
fiber,9
fiber,10
fiber,12
blxr,-12
fiber,748
fiber,14
fiber,15
fiber,18
fiber,2
fiber,17
fiber,67
fiber,23
blxr,-20
fiber,17
fiber,8
blxr,-1
fiber,15
fiber,26
fiber,32
fiber,7
fiber,102
fiber,17
blxr,-22
blxr,-6
fiber,16
fiber,102
blxr,-5
blxr,-5
fiber,2
blxr,-11
fiber,63
fiber,79
fiber,15
fiber,16
fiber,13
fiber,28
fiber,19
fiber,22
fiber,36
fiber,64
fiber,12
fiber,82
fiber,8
blxr,-10
fiber,17
fiber,20
blxr,-47
fiber,7
fiber,67
fiber,106
fiber,23
blxr,-3
fiber,4
blxr,-7
fiber,50
fiber,28
fiber,1
fiber,28
fiber,22
fiber,64
blxr,-47
fiber,23
fiber,29
fiber,10
fiber,26
fiber,13
blxr,-11
fiber,12
fiber,1148
fiber,35
fiber,7
blxr,-10
blxr,-4
blxr,-1
fiber,780139
fiber,19
fiber,42
fiber,26
fiber,3
blxr,-45
fiber,5
blxr,0
fiber,16
fiber,30
fiber,19
blxr,-6
blxr,-5
fiber,55
fiber,4
blxr,0
fiber,1
blxr,-2
blxr,-9
fiber,29
fiber,36
blxr,-12
fiber,41
fiber,39
blxr,-25
fiber,43
fiber,5
fiber,21
fiber,34
fiber,10
fiber,36
blxr,-1
blxr,-25
fiber,11
fiber,72
fiber,27
fiber,27
fiber,24
fiber,12
fiber,22
fiber,73
blxr,-31
blxr,-154
fiber,63
fiber,55
blxr,-2
fiber,41
blxr,-3
blxr,-6
blxr,0
blxr,-5
blxr,-8
fiber,79
fiber,33
fiber,12
fiber,50
fiber,35
fiber,572
blxr,-1
fiber,4
fiber,1095
blxr,-26
fiber,32
blxr,-24
fiber,27
fiber,84
blxr,-8
fiber,5
fiber,10
fiber,14
blxr,-18
fiber,33
blxr,-6
fiber,30
blxr,0
fiber,18
fiber,40
blxr,-13
fiber,34
fiber,63
fiber,10
fiber,29
blxr,-4
fiber,2
fiber,8
blxr,-13
blxr,-17
fiber,17
blxr,-10
fiber,29
fiber,1
fiber,4
fiber,43
fiber,25
blxr,-36
fiber,5
fiber,17
fiber,17
fiber,4
fiber,32
fiber,18
blxr,-20
blxr,-9
blxr,-72
fiber,29
fiber,20
fiber,2814
fiber,24
fiber,33
fiber,4
fiber,6
fiber,37
blxr,-135
fiber,29
fiber,23
fiber,3
fiber,32
fiber,6
blxr,-5
fiber,38
fiber,3
fiber,30
blxr,-29
fiber,12
fiber,4
blxr,-167291
fiber,40
fiber,3
fiber,102
blxr,-8
fiber,13
fiber,1049
fiber,17
blxr,-40
fiber,18
blxr,-36
blxr,-4
blxr,-5
blxr,-42
fiber,30
fiber,19
fiber,35
fiber,168
fiber,514
fiber,81
fiber,33
blxr,-8
blxr,-17
fiber,20
fiber,27
blxr,0
fiber,17
fiber,68
fiber,57
fiber,2
fiber,25
fiber,1
fiber,3
blxr,-17
blxr,-7
blxr,0
blxr,-1
fiber,19
fiber,7
fiber,15
fiber,6
blxr,-121
fiber,2
blxr,-5
fiber,53
fiber,41
fiber,32
fiber,30
fiber,79
fiber,32
blxr,-12
blxr,-7
fiber,8
fiber,10
fiber,4
blxr,-22
blxr,-17
fiber,70
blxr,-3
fiber,12
fiber,13
fiber,8
fiber,42
blxr,-6
blxr,-697532
blxr,-24
fiber,9
fiber,35
fiber,26
blxr,-11
fiber,32
fiber,20
blxr,-8
fiber,21
fiber,37
blxr,-7
blxr,0
fiber,7
fiber,7
blxr,-4
fiber,86
blxr,-2
blxr,-5
fiber,15
blxr,-4
fiber,41
fiber,27
blxr,-4
fiber,5
fiber,24
fiber,32
fiber,44
fiber,17
fiber,6
fiber,76
blxr,-11
fiber,13
fiber,7
fiber,29
fiber,5
fiber,17
fiber,13
fiber,29
fiber,11
fiber,82
fiber,6
fiber,54
fiber,28
fiber,46
blxr,-4
fiber,43
fiber,29
blxr,-21
blxr,-1
fiber,8
fiber,59
blxr,-23
blxr,-3
fiber,19
blxr,-25
fiber,24
fiber,12
fiber,25
fiber,28
fiber,55
fiber,19
fiber,2
fiber,92
fiber,36
fiber,32
fiber,16
fiber,24
fiber,347
fiber,32
fiber,66
fiber,66
fiber,8
fiber,22
fiber,14
fiber,26
blxr,-2
fiber,1045
blxr,-2
fiber,21
blxr,-2
fiber,76
fiber,21
blxr,-4
fiber,22
blxr,-3
fiber,14
blxr,-1
fiber,41
fiber,19
fiber,7
fiber,12
fiber,34
fiber,60
blxr,-3
blxr,-16
fiber,13
blxr,-8
fiber,10
fiber,1
fiber,21
fiber,37
fiber,23
blxr,-51
blxr,-40
blxr,-9
blxr,-25
fiber,16
fiber,19
blxr,-6
blxr,-8
fiber,18
fiber,25
fiber,9
fiber,71
fiber,7
fiber,26
fiber,24
fiber,21
fiber,20
fiber,26
blxr,-10
fiber,14
fiber,19
fiber,21
fiber,30
fiber,10
fiber,10
blxr,-5
blxr,-22
fiber,44
fiber,34
fiber,27
fiber,16
fiber,48
fiber,7
blxr,-13
fiber,26
fiber,21
fiber,26
fiber,44
fiber,23
fiber,23
blxr,-5
fiber,13
fiber,42
fiber,32
fiber,35
fiber,26
fiber,13
fiber,6
fiber,36
fiber,2
fiber,43
fiber,2630
fiber,331991
fiber,21
fiber,3
fiber,9
blxr,-15
fiber,13
blxr,0
blxr,-1
blxr,-1
fiber,1
blxr,-2
blxr,-3
blxr,-24
fiber,85
fiber,5
fiber,38
fiber,13
fiber,73
fiber,98
blxr,-7
blxr,-5
blxr,-10
fiber,28
blxr,-61
fiber,17
blxr,-10
fiber,19
fiber,18
fiber,27
fiber,11
blxr,-1
fiber,37
fiber,28
fiber,11
fiber,18
fiber,14
fiber,9
fiber,2
fiber,15
fiber,24
fiber,16
fiber,24
fiber,28
fiber,41
blxr,-6
fiber,50
fiber,9
fiber,45
fiber,26
blxr,-18
blxr,-8
fiber,24
fiber,49
fiber,32
fiber,23
fiber,1
fiber,60
fiber,8
fiber,20
blxr,-24
blxr,-13
fiber,70
fiber,11
blxr,-6
fiber,9
fiber,13
blxr,-5
blxr,-4
blxr,-3
fiber,7
fiber,6
blxr,-4
fiber,41
blxr,-15
fiber,45
fiber,6
fiber,21
fiber,17
fiber,11
fiber,28
fiber,11
fiber,81
fiber,74
fiber,23
fiber,25
blxr,-79
fiber,11
fiber,43
fiber,13
fiber,15
fiber,10
fiber,97
blxr,0
fiber,2
blxr,-4
fiber,5
fiber,1
fiber,20
fiber,19
blxr,-12
fiber,26
fiber,45
fiber,29
fiber,111362
fiber,14
blxr,-10
fiber,11
fiber,18
fiber,32
fiber,17
fiber,14
blxr,-2
fiber,36
blxr,-4
fiber,14
fiber,26
fiber,28
fiber,21
blxr,-2
fiber,41
fiber,19
blxr,-52
blxr,-41
fiber,12
fiber,21
fiber,18
fiber,43
fiber,12
fiber,8
fiber,103
fiber,10
blxr,-5
fiber,13
fiber,1100847
blxr,0
fiber,24
blxr,-2
fiber,8
fiber,33
blxr,-7
fiber,16
fiber,36
fiber,58
fiber,66
blxr,-56
blxr,-13
fiber,7
blxr,-18
blxr,-24
fiber,15
fiber,21
fiber,51
fiber,30
fiber,29
fiber,16
fiber,17
fiber,12
blxr,-27
blxr,-4
blxr,-9
fiber,9
fiber,11
fiber,5
fiber,6
blxr,-6
fiber,46
fiber,19
fiber,8
fiber,23
fiber,2
fiber,19
fiber,9
fiber,2
blxr,-27
fiber,9
blxr,-21
blxr,-9
fiber,10
blxr,-7
blxr,-23
fiber,46
fiber,10
fiber,37
blxr,-3
fiber,26
fiber,12
blxr,-1
blxr,-4
blxr,-7
fiber,21
blxr,-3
blxr,-9
fiber,41
fiber,96
fiber,19
blxr,-13
fiber,21
blxr,-1
fiber,11
blxr,-17
blxr,-15
fiber,24
fiber,17
fiber,37
blxr,-13
fiber,68
fiber,19
fiber,128
fiber,6041
blxr,-65
fiber,25
fiber,50
fiber,20
fiber,48
fiber,33
blxr,-19
fiber,2
fiber,12
fiber,8
fiber,29
blxr,-4
fiber,9
fiber,10
blxr,-11
fiber,21
fiber,12
fiber,48
fiber,20
fiber,18
fiber,3
fiber,6
fiber,30
fiber,16
fiber,4
blxr,-6
blxr,-3
blxr,-17
fiber,21
fiber,25
fiber,418
fiber,19
fiber,27
fiber,5
blxr,-99
fiber,33
fiber,21
fiber,19
fiber,18
blxr,-1
fiber,20
fiber,34
fiber,30
fiber,5
fiber,26
blxr,-10
blxr,-3
fiber,66
blxr,-5
fiber,33
fiber,36
fiber,6
fiber,12
blxr,-5
fiber,3
fiber,7
blxr,-15
fiber,32
fiber,43
fiber,32
blxr,-3
fiber,14
fiber,26
blxr,-1
fiber,22
fiber,43
blxr,-21
fiber,33
fiber,66
fiber,17
fiber,50
fiber,11
fiber,11
fiber,76
fiber,2271
blxr,-18
fiber,154055
fiber,8
fiber,4
fiber,2
fiber,3
blxr,-17
fiber,291
blxr,-8
blxr,-1
fiber,4
fiber,43
fiber,114
fiber,6
fiber,26
fiber,98
fiber,35
fiber,11
fiber,13
blxr,0
blxr,-77
fiber,56
fiber,50
fiber,38
fiber,19
fiber,10
blxr,-28
fiber,7
fiber,31
blxr,-9
fiber,32
fiber,15
fiber,17
fiber,44
fiber,50
fiber,28
fiber,22
fiber,24
fiber,16
blxr,-13
fiber,21
fiber,29
blxr,-10
blxr,-20
fiber,16
fiber,12
fiber,6
blxr,-5
fiber,42
fiber,11
fiber,11
fiber,28
fiber,19
fiber,16
fiber,33
fiber,26
blxr,-53
fiber,6
fiber,59
fiber,1
fiber,11
fiber,47
fiber,42
blxr,-9
fiber,7
fiber,16
blxr,-6
blxr,-119
fiber,41
blxr,-4
fiber,5
fiber,23
fiber,31
fiber,2
blxr,-12
fiber,35
fiber,30
blxr,-3
fiber,64
blxr,-1
fiber,28
blxr,-7
fiber,25
blxr,-41
blxr,-35
fiber,17
fiber,18
blxr,0
blxr,-18
fiber,28
fiber,26
fiber,17
fiber,34
blxr,-14
fiber,26
fiber,95
fiber,25
fiber,3
blxr,-11
fiber,28
fiber,24
fiber,9
fiber,10
fiber,20
blxr,0
fiber,27
blxr,0
fiber,18
fiber,52
fiber,44
fiber,38
fiber,33
fiber,7
fiber,19
fiber,13
fiber,5
fiber,18
fiber,63
fiber,65
fiber,1643
fiber,10
fiber,5
fiber,16
fiber,26
blxr,-3
fiber,13
fiber,22
blxr,-8
blxr,-3
fiber,3
fiber,21
fiber,56
blxr,-8
fiber,19
fiber,19
fiber,18
fiber,19
fiber,16
blxr,-34
fiber,52
fiber,60
blxr,-7
fiber,12
fiber,3
fiber,23
fiber,4
fiber,416
blxr,-10
fiber,2
fiber,29
blxr,-2
fiber,41
blxr,-8
fiber,16
fiber,24
fiber,28
blxr,-4
fiber,21
blxr,-4
fiber,24
fiber,808
blxr,-10
blxr,-1
blxr,-4
fiber,15
blxr,-5
fiber,8
fiber,39
fiber,20
fiber,8
fiber,40
fiber,22
fiber,95
blxr,-20
fiber,11
fiber,65
fiber,20
fiber,20
fiber,56
blxr,-16
blxr,-1
blxr,-63232
blxr,-5
blxr,-2
fiber,9
blxr,-6
fiber,50
fiber,86
fiber,57
blxr,-8
blxr,-13
fiber,21
blxr,-5
fiber,17
fiber,7
blxr,-16
blxr,-5
blxr,-8
fiber,2
fiber,19
fiber,37
blxr,-28
fiber,14
fiber,34
fiber,23
fiber,40
fiber,26
fiber,35
blxr,-30
fiber,7
fiber,31
fiber,13
fiber,8
fiber,8
fiber,20
fiber,46
fiber,2
fiber,20
fiber,34
blxr,-53
fiber,7
blxr,0
fiber,21
fiber,5
fiber,30
fiber,2
blxr,-4
fiber,23
fiber,49
blxr,-3
fiber,1441
fiber,16
fiber,7
blxr,-7
fiber,15
fiber,29
blxr,-4
fiber,32
fiber,50
fiber,10
fiber,27
blxr,-21
fiber,16
fiber,16
fiber,12
fiber,25
fiber,14
fiber,24
fiber,35
fiber,31
blxr,-21
fiber,6
fiber,13
fiber,20
fiber,12
fiber,61
fiber,16
fiber,52
fiber,22
fiber,6
blxr,-20
fiber,12
fiber,116
fiber,4
fiber,24
fiber,37
fiber,7
fiber,35
fiber,14
fiber,14
fiber,7
blxr,-8
blxr,-19
fiber,9
fiber,18
fiber,5
fiber,2
fiber,5
fiber,20
fiber,24
fiber,46
fiber,64
fiber,38
fiber,19
blxr,-36
fiber,30
fiber,37
fiber,24
blxr,-19
fiber,15
blxr,-21
blxr,-14
fiber,23
fiber,37
blxr,-23
blxr,-9
blxr,-35
fiber,82
fiber,129
blxr,-19
fiber,45
blxr,-11
fiber,30
fiber,8
fiber,6
fiber,27
fiber,28
fiber,57
fiber,33
blxr,-3
fiber,38
fiber,8
fiber,34
blxr,-1
fiber,10
fiber,12
blxr,0
blxr,-20
fiber,15
fiber,17
fiber,25
fiber,27
fiber,61
fiber,20
fiber,20
fiber,5
fiber,30
fiber,16
fiber,47
fiber,21
fiber,81
blxr,-3
fiber,43
fiber,28
fiber,35
fiber,25
fiber,25
blxr,-7
fiber,16
fiber,25
fiber,17
blxr,-4
fiber,11
blxr,-10
fiber,18
fiber,6
fiber,26
blxr,0
fiber,9
fiber,40
fiber,5
fiber,74
fiber,23
fiber,26
fiber,32
fiber,4
fiber,21
fiber,33
blxr,-15
fiber,14
fiber,109
fiber,32
fiber,10
fiber,20
blxr,-3
fiber,4
fiber,11
blxr,-22
fiber,21
fiber,40
fiber,1
blxr,-14
fiber,12
fiber,11
blxr,-29
blxr,-29
fiber,123
blxr,0
fiber,72
blxr,-6
fiber,24
blxr,-46
fiber,19
fiber,11
fiber,10
fiber,11
fiber,15
blxr,-25
fiber,4
fiber,20
fiber,29
fiber,2
blxr,-14
fiber,9
blxr,-10
blxr,-1
fiber,32
fiber,74
fiber,15
fiber,1
blxr,-3
fiber,12
fiber,22
fiber,8
fiber,10
blxr,-3
fiber,7
fiber,17
fiber,2
fiber,9
fiber,45
blxr,-9
blxr,-6
fiber,7
fiber,4
fiber,14
fiber,11
fiber,17
fiber,26
fiber,4
fiber,76
blxr,-5
fiber,12
blxr,-5
fiber,1
blxr,-4
fiber,12
blxr,-2
blxr,-15
fiber,91
fiber,594030
fiber,34
fiber,52
fiber,48
fiber,19
fiber,13
blxr,-7
fiber,62
fiber,19
fiber,17
blxr,-13
blxr,-7
fiber,84
fiber,3
fiber,1
fiber,19
blxr,-6
fiber,41
fiber,92
fiber,54
blxr,-5
fiber,26
fiber,68
blxr,-7
fiber,10
fiber,13
fiber,12
fiber,5
fiber,26
blxr,-17
blxr,-10
fiber,10
blxr,0
fiber,24
fiber,12
blxr,-25
fiber,229
blxr,-10
fiber,29
blxr,-7
fiber,59
fiber,11
fiber,52
fiber,24
fiber,48
fiber,26
fiber,38
fiber,22
blxr,-7
blxr,-17
fiber,7
fiber,14
fiber,19
blxr,-7
fiber,48
fiber,22
fiber,12
blxr,-13
fiber,18
blxr,-13
blxr,-2
fiber,5
fiber,8
fiber,4
fiber,18
fiber,15
fiber,34
fiber,19
fiber,40
fiber,40
fiber,1
fiber,27
blxr,-2
blxr,-14
fiber,2
fiber,23
fiber,33
blxr,-20
fiber,41
fiber,10
fiber,13
blxr,-14
fiber,6
fiber,15
blxr,-29
fiber,42
fiber,69
fiber,269
fiber,13
fiber,8
fiber,13
blxr,-3
fiber,24
fiber,37
blxr,-5
fiber,32
fiber,15
fiber,28
fiber,40
blxr,-5
fiber,8
blxr,-5
blxr,-20
fiber,5
fiber,17
fiber,19
fiber,19
fiber,33
fiber,9
blxr,-5
fiber,13
blxr,-9
fiber,51
fiber,3
fiber,11
fiber,24
fiber,7
blxr,-2
blxr,-7
fiber,1
fiber,8
fiber,11
fiber,34
blxr,-3
fiber,22
fiber,26
fiber,44
blxr,-14
fiber,27
fiber,8
fiber,52
blxr,-3
fiber,29
fiber,15
blxr,-15
fiber,38
blxr,-1
fiber,12
fiber,18
blxr,0
fiber,73
blxr,-20
fiber,1
fiber,91
blxr,-52
fiber,19
fiber,16
fiber,46
fiber,103
blxr,-56
blxr,-3
fiber,80
fiber,3
blxr,-17
fiber,44
fiber,6
fiber,19
fiber,14
fiber,25
blxr,-15
fiber,1
fiber,36
blxr,-13
blxr,-12
fiber,35
blxr,-9
blxr,-7
blxr,-22
fiber,55
fiber,124
fiber,17
blxr,-12
fiber,1
fiber,26
fiber,44
fiber,93
fiber,26
fiber,16
fiber,8
blxr,-36
fiber,23
fiber,12
fiber,15
fiber,58
fiber,11
blxr,-5
blxr,-21
fiber,14
fiber,85
fiber,10
blxr,-27
blxr,-2
fiber,596
fiber,7
fiber,7
blxr,-4
blxr,-9
fiber,12
fiber,40
fiber,21
fiber,37
fiber,30
fiber,44
fiber,12
fiber,2
blxr,-30
fiber,29
fiber,18
fiber,14
blxr,-6
fiber,7
fiber,250
fiber,26
fiber,14
fiber,53
fiber,3
blxr,-6
fiber,17
fiber,14
fiber,7
fiber,1
fiber,25
fiber,24
fiber,15
fiber,29
fiber,32
fiber,11
fiber,12
blxr,-3
fiber,30
fiber,940
fiber,32
fiber,76
fiber,138
fiber,60
fiber,17
fiber,36
fiber,18
blxr,-18
fiber,42
fiber,36
blxr,-14
fiber,15
fiber,8
fiber,7
fiber,159
fiber,7
fiber,108
blxr,-4
fiber,8
fiber,3
fiber,4
fiber,21
fiber,20
fiber,15
blxr,-23
fiber,13
fiber,16
fiber,84
fiber,36
fiber,19
fiber,69
fiber,21
fiber,38
fiber,7
fiber,10
fiber,1
blxr,-14
fiber,868140
fiber,11
fiber,3
fiber,21
fiber,67
fiber,14
fiber,70
fiber,26
fiber,5
fiber,31
fiber,18
blxr,-16
fiber,18
fiber,5
fiber,14
blxr,-6
blxr,-4
fiber,21
fiber,17
blxr,-9
fiber,47
fiber,7
fiber,20
fiber,3
fiber,17
fiber,11
blxr,-17
fiber,18
blxr,-4
fiber,18
blxr,-16
fiber,7
blxr,-16
fiber,20
fiber,37
fiber,22
blxr,-4
fiber,16
fiber,17
fiber,13
fiber,27
fiber,75
fiber,10
fiber,36
fiber,18
blxr,-14
blxr,-31
fiber,20
fiber,56
blxr,-29
blxr,-7
fiber,88
fiber,111
fiber,3
blxr,-7
blxr,-4
fiber,69
fiber,30
blxr,-52
fiber,53
fiber,27
fiber,23
fiber,16
fiber,2
blxr,-21
fiber,5
fiber,74
fiber,4
fiber,26
blxr,-2
fiber,132
fiber,3
fiber,12
blxr,0
blxr,-8
fiber,10
fiber,11
fiber,41
fiber,40
fiber,12
blxr,0
fiber,42
fiber,8
fiber,8
blxr,-17
blxr,-10
blxr,0
blxr,-92
fiber,2
blxr,0
fiber,34
fiber,75
fiber,9
fiber,41
fiber,14
fiber,15
fiber,151
fiber,252
blxr,0
fiber,1
fiber,18
fiber,12
fiber,17
fiber,36
fiber,14
blxr,-12
fiber,10
blxr,-6
fiber,50
fiber,5
blxr,-21
fiber,10
blxr,0
blxr,-6
fiber,19
blxr,-2
fiber,24
fiber,18
fiber,57
fiber,48
fiber,7
fiber,80
blxr,-4
fiber,17
fiber,47
fiber,21
fiber,51
fiber,1569
fiber,60
fiber,52
fiber,7
fiber,8
fiber,36
fiber,50
fiber,14
fiber,28
fiber,21
blxr,-13
fiber,5
fiber,46
fiber,38
fiber,63
fiber,10
fiber,17
fiber,18
fiber,28
fiber,7
fiber,26
fiber,18
blxr,-4
fiber,2
fiber,20
fiber,40
fiber,43
fiber,40
fiber,23
fiber,18
fiber,2
fiber,18
fiber,39
fiber,8
fiber,29
blxr,-7
fiber,23
fiber,31
fiber,47
blxr,-55
fiber,63
blxr,-17
blxr,-3
fiber,23
fiber,29
fiber,14
fiber,44
fiber,549
fiber,48
fiber,42
blxr,-13
fiber,44
fiber,12
blxr,-14
fiber,8
fiber,9
fiber,20
fiber,7
fiber,22
fiber,12
fiber,8
fiber,15
fiber,34
fiber,40
fiber,7
fiber,17
fiber,8
fiber,47
fiber,18
fiber,20
fiber,9
fiber,1
blxr,-8
fiber,19
fiber,1
fiber,28
fiber,32
fiber,32
fiber,17
blxr,-2
fiber,19
blxr,0
fiber,18
fiber,5
fiber,13
fiber,11
fiber,87
fiber,33
fiber,60
fiber,10
fiber,31
fiber,29
blxr,-1
fiber,15
fiber,12
fiber,21
fiber,19
fiber,20
fiber,128
fiber,39
fiber,11
blxr,-15
blxr,-4
fiber,9
blxr,-19
fiber,32
fiber,45
blxr,-19
blxr,-13
blxr,-34
fiber,13
fiber,27
fiber,20
fiber,18
blxr,-5
blxr,-2
fiber,2
blxr,-67
blxr,-12
blxr,-3
blxr,-1
fiber,46
blxr,-2
fiber,19
blxr,-5
fiber,30
blxr,-3
fiber,12
blxr,-7
blxr,-26
fiber,5
blxr,-5
fiber,7
blxr,-7
fiber,74
blxr,-4
fiber,15
blxr,-9
fiber,8
blxr,-10
fiber,24
fiber,42
blxr,-12
fiber,30
fiber,36
fiber,7
blxr,-13
blxr,-20
blxr,-19
fiber,4
blxr,-1
fiber,19
fiber,28
fiber,23
blxr,-15
fiber,8
fiber,46
fiber,103
fiber,17
blxr,-129
fiber,10
fiber,16
blxr,-9
blxr,-19
fiber,26
fiber,8
fiber,14
blxr,-2
fiber,7
blxr,-4
fiber,26
blxr,-2
fiber,3
fiber,64
fiber,7
blxr,-1
fiber,94
fiber,19
fiber,40
fiber,22
fiber,8
fiber,23
fiber,22
blxr,-13
blxr,-10
blxr,-2
fiber,27
fiber,20
fiber,26
fiber,20
fiber,12
fiber,61
blxr,-15
fiber,12
fiber,736
blxr,-23
fiber,89
blxr,-2
fiber,25
fiber,54
fiber,47
blxr,-9
fiber,33
fiber,61
blxr,0
fiber,16
fiber,11
blxr,-4
fiber,16
fiber,11
fiber,128
fiber,11
fiber,17
fiber,22
fiber,12
fiber,92
fiber,22
fiber,3
fiber,14
blxr,-8
fiber,17
blxr,-6
fiber,35
fiber,33
fiber,54
fiber,30
fiber,37
fiber,8
fiber,31
blxr,-6
fiber,24
blxr,-9
fiber,10
fiber,90
fiber,787259
fiber,54
fiber,32
fiber,50
blxr,-4
fiber,39
fiber,21
blxr,-12
fiber,72
blxr,-6
blxr,-5
fiber,15
fiber,4
fiber,25
fiber,74
blxr,-558925
blxr,-8
fiber,11
blxr,-16
fiber,8
fiber,28
fiber,5
fiber,4
fiber,30
fiber,7
fiber,17
fiber,28
fiber,26
fiber,3
fiber,21
fiber,36
blxr,-52
fiber,103
blxr,-11
blxr,-36
blxr,-5
fiber,8
fiber,30
fiber,6
fiber,7
fiber,8
fiber,55
fiber,9
fiber,270
blxr,-1
fiber,29
blxr,-1
fiber,32
blxr,-2
fiber,3
blxr,-53
blxr,-11
blxr,-14
blxr,-8
fiber,7
fiber,11
fiber,18
fiber,7
blxr,-7
fiber,38
fiber,12
fiber,11
fiber,10
fiber,18
fiber,1
blxr,-6
fiber,16
fiber,13
fiber,16
blxr,-22
blxr,-75
fiber,43
fiber,8
fiber,21
fiber,10
fiber,43
blxr,-8
fiber,10
blxr,0
blxr,-13
fiber,37
blxr,-3
fiber,67
blxr,-13
fiber,29
fiber,2058
fiber,5
fiber,16
fiber,31
blxr,-5
blxr,-4
fiber,41
fiber,38
fiber,32
blxr,-6
blxr,-5
fiber,8
fiber,15
fiber,10
fiber,19
fiber,16
fiber,21
blxr,-120
fiber,15
fiber,9
fiber,32
fiber,29
fiber,20
fiber,17
blxr,-5
blxr,-13
fiber,44
fiber,3
blxr,-6
fiber,16
fiber,2
blxr,-59
fiber,43
fiber,29
fiber,24
blxr,-20
blxr,-4
fiber,15
fiber,36
fiber,32
fiber,489
fiber,2
blxr,-2
fiber,28
fiber,32
fiber,24
fiber,18
fiber,18
fiber,7
fiber,23
blxr,-14
blxr,-160
blxr,0
fiber,5
fiber,35
blxr,-8
fiber,11
fiber,74
blxr,-6
fiber,82
fiber,19
fiber,70
fiber,29
fiber,11
fiber,11
fiber,10
fiber,19
blxr,-7
blxr,-111
fiber,11
blxr,-786446
fiber,719269
fiber,12
fiber,37
blxr,-11
fiber,1
fiber,12
fiber,2
fiber,15
fiber,78
blxr,-107
blxr,-29
fiber,31
blxr,-1
fiber,23
blxr,-48
blxr,-15
fiber,51
fiber,11
blxr,-59
fiber,40
blxr,-2046
fiber,51
fiber,5
fiber,7
fiber,23
fiber,23
blxr,-15
fiber,20
fiber,9
blxr,-2
fiber,28
fiber,17
fiber,27
fiber,10
fiber,18
fiber,26
blxr,-57
fiber,16
fiber,5
fiber,23
fiber,18
fiber,19
fiber,19
fiber,16
fiber,23
fiber,58
fiber,8
fiber,16
fiber,6
fiber,37
blxr,-5
fiber,14
fiber,39
fiber,13
fiber,16
blxr,-4
fiber,17
fiber,25
blxr,-1
blxr,-7
blxr,-8
fiber,18
fiber,2
blxr,-1
fiber,12
fiber,15
fiber,86
fiber,8
fiber,35
fiber,15
fiber,78
fiber,49
fiber,1
fiber,46
fiber,29
blxr,-6
fiber,27
fiber,77
fiber,28
fiber,13
blxr,-13
fiber,8
blxr,-14
fiber,38
fiber,9
fiber,4
fiber,31
fiber,9
blxr,-11
fiber,24
fiber,38
fiber,6
fiber,28
blxr,-108
fiber,46
fiber,14
fiber,37
fiber,7
fiber,17
fiber,1
fiber,24
fiber,3
blxr,-6
fiber,17
blxr,-2
fiber,9
blxr,-4
fiber,243
blxr,-295
fiber,16
fiber,13
blxr,-13
fiber,16
fiber,34
fiber,26
fiber,80
blxr,-9
fiber,24
fiber,63
fiber,25
fiber,10
fiber,23
blxr,-10
fiber,3
fiber,6
fiber,1346
fiber,14
fiber,69
fiber,43
fiber,6
fiber,1734
fiber,18
fiber,361678
blxr,-1
fiber,56
fiber,74
fiber,16
fiber,4
fiber,25
fiber,84
fiber,82
fiber,30
fiber,13
fiber,16
fiber,53
fiber,18
fiber,16
fiber,27
blxr,-10
blxr,-5
blxr,-100
fiber,15
fiber,10
blxr,-11
blxr,-10
fiber,44
blxr,-29
fiber,23
fiber,17
fiber,19
fiber,21
fiber,21
fiber,6
fiber,67
fiber,79
fiber,16
fiber,21
blxr,-13
fiber,6
fiber,4
fiber,8
fiber,16
blxr,-5
fiber,68
fiber,21
fiber,28
blxr,-15
fiber,34
fiber,5
fiber,23
fiber,24
fiber,15
fiber,20
fiber,19
fiber,23
fiber,23
fiber,18
fiber,55
fiber,8
fiber,23
blxr,-20
blxr,-16
fiber,16
fiber,564
blxr,-14
fiber,99
fiber,17
fiber,16
fiber,19
blxr,-3
fiber,18
blxr,-2
fiber,66
fiber,6
fiber,70
fiber,15
fiber,68
fiber,26
fiber,26
fiber,32
fiber,3
fiber,40
fiber,24
fiber,31
fiber,91
blxr,-14
blxr,-7
fiber,8
fiber,69
blxr,-1
blxr,-5
blxr,-10
fiber,13
fiber,4
fiber,10
fiber,12
fiber,11
fiber,6
fiber,109
blxr,-1
fiber,38
blxr,-21
blxr,-20
fiber,13
fiber,59
fiber,28
fiber,18
fiber,44
fiber,23
fiber,18
fiber,27
fiber,44
blxr,-24
fiber,15
fiber,6
blxr,-8
fiber,19
fiber,6
fiber,267
fiber,21
fiber,29
blxr,-10
fiber,89
fiber,5
fiber,1
fiber,19
blxr,-26
fiber,18
fiber,18
blxr,-14
fiber,12
fiber,1
fiber,41
blxr,-15
fiber,34
fiber,18
fiber,21
fiber,10
fiber,22
blxr,-8
fiber,53
blxr,-53
fiber,20
fiber,5
fiber,19
fiber,30
fiber,84
fiber,21
fiber,27
blxr,-21
blxr,-4
fiber,7
fiber,69
fiber,5
fiber,83
fiber,11
fiber,61
fiber,31
fiber,33
blxr,-7
fiber,48
fiber,55
fiber,4
blxr,0
fiber,24
fiber,8
fiber,17
fiber,10
fiber,25
fiber,14
fiber,2
blxr,-1
fiber,50
fiber,6
fiber,46
fiber,9
fiber,10
fiber,13
fiber,8
blxr,-3
fiber,7
fiber,7
fiber,72
blxr,-9
fiber,23
blxr,0
fiber,29
fiber,7
fiber,16
blxr,-16
fiber,31
blxr,-4
blxr,-2
blxr,0
fiber,13
fiber,66
fiber,8
fiber,32
blxr,-20
fiber,13
blxr,-4
blxr,-8
fiber,18
fiber,6
fiber,48
blxr,-3
fiber,7
blxr,-2
fiber,43
blxr,-8
fiber,16
fiber,27
fiber,37
fiber,15
blxr,-9
fiber,40
fiber,15
fiber,27
fiber,120
fiber,30
blxr,-1
fiber,15
fiber,35
fiber,14
fiber,7
fiber,7
fiber,81
blxr,-41
fiber,3
blxr,-12
fiber,24
fiber,227315
blxr,-14
fiber,16
fiber,40
fiber,20
fiber,41
fiber,37
fiber,24
fiber,26
fiber,50
fiber,30
blxr,-13
fiber,66
fiber,46
blxr,-20
blxr,-1
blxr,-11
fiber,33
fiber,13
fiber,11
fiber,78
fiber,24
fiber,13
fiber,9
blxr,-13
fiber,21
fiber,11
fiber,3
fiber,14
fiber,58
fiber,20
fiber,99
fiber,54
fiber,1348
fiber,9
fiber,10
fiber,19
fiber,38
fiber,2
fiber,16
fiber,21
fiber,30
fiber,74
blxr,-17
blxr,0
fiber,6
fiber,72
blxr,-7
fiber,4
fiber,33
blxr,-23
fiber,59
fiber,677
fiber,20
fiber,8
fiber,44
fiber,34
fiber,15
fiber,8
fiber,25667
blxr,-3
blxr,0
fiber,3
fiber,3
fiber,5
blxr,-7
fiber,19
fiber,57
fiber,22
fiber,23
fiber,42
blxr,-8
fiber,38
fiber,44
fiber,18
fiber,9
blxr,-6
fiber,25
fiber,25
fiber,15
fiber,34
fiber,14
fiber,46
fiber,7
fiber,22
fiber,5
blxr,-9
fiber,74
fiber,11
fiber,35
blxr,-9
fiber,18
fiber,12
blxr,-1
fiber,15
fiber,43
fiber,1
fiber,25
fiber,14
fiber,24
fiber,17
fiber,19
fiber,23
fiber,29
fiber,66
fiber,10
fiber,17
blxr,-24
fiber,50
fiber,11
fiber,3
fiber,16
fiber,28
fiber,106
fiber,44
fiber,7
fiber,3
fiber,38
fiber,9
fiber,12
fiber,9
fiber,7
blxr,-8
fiber,36
fiber,14
fiber,20
fiber,13
fiber,5
blxr,-14
fiber,39
blxr,-7
fiber,25
blxr,-4
fiber,31
blxr,-17
fiber,11
fiber,17
fiber,1
fiber,66
fiber,24
fiber,33
blxr,-2
fiber,1
fiber,19
blxr,-15
blxr,-5
fiber,20
fiber,28
blxr,-141
fiber,16
fiber,55
fiber,38
fiber,21
fiber,29
fiber,30
blxr,-9
fiber,5
fiber,16
fiber,36
blxr,-49
fiber,5
blxr,-22
blxr,-5
blxr,-13
fiber,35
fiber,37
fiber,11
fiber,8
blxr,-12
blxr,-11
fiber,24
fiber,9
blxr,-7
fiber,20
fiber,30
fiber,379
fiber,23
fiber,10
fiber,410
fiber,17
blxr,-14
fiber,49
fiber,34
fiber,1
fiber,67
fiber,56
fiber,1
blxr,-9
fiber,21
blxr,-22
blxr,-4
fiber,3
fiber,73
fiber,14
fiber,18
fiber,33
fiber,30
blxr,-2
blxr,-14
fiber,47
fiber,21
fiber,14
fiber,68
fiber,4
fiber,36
blxr,0
blxr,-3
fiber,21
fiber,64
fiber,24
fiber,28
fiber,12
fiber,17
fiber,44
fiber,44
blxr,-66
fiber,10
fiber,14
fiber,24
fiber,47
fiber,13
blxr,-11
fiber,43
fiber,8
fiber,21
fiber,6
fiber,13
fiber,13
fiber,21
fiber,14
blxr,-8
blxr,-7
fiber,7
fiber,16
fiber,33
fiber,9
blxr,-1
fiber,21
fiber,26
fiber,88
fiber,10
fiber,2
blxr,-12
fiber,20
fiber,23
fiber,23
fiber,3
blxr,-42
fiber,1
fiber,98
fiber,9
fiber,38
fiber,40
blxr,-10
fiber,8
blxr,-4
blxr,-17
fiber,23
fiber,3
fiber,10
fiber,15
fiber,623
fiber,21
fiber,7
fiber,28
fiber,25
fiber,8
fiber,35
fiber,6
fiber,10
fiber,35
blxr,-9
blxr,-17
fiber,48
fiber,1
fiber,36
fiber,14
fiber,45
fiber,18
fiber,6
blxr,-5
fiber,11
blxr,0
fiber,23
blxr,-2
blxr,-8
fiber,28
fiber,12
blxr,-3
fiber,14
fiber,23
fiber,25
fiber,49
fiber,97
fiber,8
fiber,539
fiber,13
fiber,2
fiber,38
fiber,18
fiber,29
blxr,-9
fiber,19
fiber,89
fiber,16
fiber,75
fiber,8
fiber,32
fiber,12
fiber,17
fiber,8
fiber,23
fiber,32
fiber,12
fiber,4
fiber,27
fiber,30
blxr,-3
fiber,28
fiber,15
fiber,6
fiber,5
blxr,-7
fiber,19
fiber,25
blxr,-8
fiber,38
fiber,53
blxr,-14
blxr,-11
blxr,-16
fiber,4
fiber,17
fiber,14
fiber,1
fiber,4
fiber,18
blxr,-40
fiber,5
fiber,11
fiber,95
blxr,-12
fiber,13
fiber,833408
blxr,-7
blxr,-19
fiber,18
fiber,4
fiber,70
fiber,17
fiber,16
fiber,16
fiber,25
blxr,-6
fiber,31
fiber,2
fiber,100
fiber,17
fiber,64
fiber,66
fiber,19
blxr,-2
fiber,6
fiber,21
fiber,76
fiber,18
fiber,15
fiber,13
fiber,48
fiber,19
blxr,-11
fiber,12
fiber,33
fiber,27
blxr,-1
blxr,-8
fiber,92
fiber,24
fiber,6
fiber,26
blxr,-17
blxr,-5
fiber,21
fiber,12
fiber,2
fiber,144
fiber,13
fiber,20
fiber,12
fiber,21
fiber,2347
blxr,-79
fiber,14
fiber,3
blxr,-3
blxr,-14
fiber,51
fiber,38
fiber,4
fiber,23
blxr,-9
blxr,-7
fiber,12
fiber,23
fiber,18
fiber,27
fiber,16
fiber,14
fiber,49
fiber,10
fiber,2
blxr,-83
fiber,10
fiber,56
fiber,11
fiber,78
fiber,4
blxr,-3
fiber,12
blxr,-10
fiber,14
fiber,19
fiber,47
blxr,-5
blxr,-2
blxr,-8
fiber,13
blxr,-54
fiber,16
fiber,17
blxr,-15
fiber,2
fiber,347
fiber,22
fiber,15
fiber,70
fiber,20
blxr,-148
blxr,-13
fiber,12
fiber,16
fiber,18
blxr,-9
fiber,19
fiber,57
fiber,24
fiber,18
fiber,30
fiber,51
fiber,27
fiber,33
blxr,0
fiber,8
fiber,44
fiber,22
fiber,26
fiber,1
fiber,69
blxr,-6
blxr,-16
fiber,23
fiber,22
blxr,-4
fiber,1
fiber,29
fiber,13
blxr,-4
fiber,66
fiber,37
fiber,7
fiber,44
fiber,5
fiber,3
blxr,-3
fiber,38
fiber,6
blxr,-8
fiber,11
fiber,27
fiber,134
blxr,-15
fiber,57
fiber,68
blxr,-7
blxr,-6
fiber,12
fiber,19
fiber,4
fiber,14
fiber,11
fiber,7
blxr,0
blxr,-26
fiber,1
blxr,-2
fiber,51
fiber,19
fiber,15
fiber,9
fiber,84
blxr,-11
blxr,-37
fiber,12
fiber,117
blxr,0
fiber,69
blxr,-2
fiber,1
fiber,12
fiber,11
fiber,21
fiber,9
fiber,26
fiber,12
fiber,11
fiber,20
fiber,10
fiber,82
fiber,49
fiber,1
fiber,22
fiber,17
blxr,-46
fiber,12
fiber,38
fiber,3
blxr,-9
fiber,13
fiber,35
fiber,21
fiber,36
fiber,29
fiber,8
blxr,-4
blxr,-4
fiber,10
fiber,10
fiber,24
fiber,355
fiber,82
blxr,-24
fiber,23
fiber,10
fiber,52
fiber,16
fiber,9
blxr,-4
fiber,15
blxr,-12
fiber,2
fiber,14
blxr,-15
fiber,15
blxr,0
fiber,6
fiber,3
fiber,14
fiber,92
fiber,20
blxr,-4
fiber,4
blxr,-11
blxr,-32
fiber,19
fiber,11
fiber,60
fiber,12
fiber,1
fiber,30
fiber,22
fiber,22
fiber,2589
fiber,13
fiber,19
blxr,-18
fiber,16
blxr,-2
fiber,16
fiber,68
blxr,-1
fiber,7
blxr,-22
fiber,35
fiber,16
fiber,23
blxr,-204
fiber,6
fiber,29
blxr,-1
fiber,15
fiber,43
blxr,-25
fiber,58
blxr,-8
fiber,25
blxr,-21
fiber,76
fiber,8
fiber,51
blxr,-7
fiber,7
blxr,-13
fiber,28
fiber,49
blxr,-26
fiber,25
blxr,-3
blxr,-11
fiber,37
fiber,22
fiber,2
fiber,24
fiber,27
fiber,9
fiber,66
fiber,25
fiber,24
fiber,7
fiber,8
fiber,21
fiber,3
blxr,-4
blxr,0
fiber,78
fiber,10
fiber,13
fiber,13
fiber,20
blxr,-16
fiber,38
fiber,18
blxr,-7
fiber,26
fiber,7
blxr,-34
fiber,18
fiber,42
fiber,11
fiber,31
fiber,15
blxr,-14
blxr,-10
fiber,21
fiber,36
blxr,-3
blxr,-2
fiber,39
blxr,-1
fiber,15
fiber,29
blxr,-15
fiber,80
blxr,-5
fiber,18
fiber,40
fiber,19
fiber,58
blxr,-5
blxr,-1
fiber,16
blxr,-3
fiber,15
fiber,5
blxr,-5
fiber,75
fiber,13
blxr,-82
blxr,-1
fiber,29
fiber,19
fiber,19
fiber,3
blxr,-13
fiber,41
fiber,8
fiber,20
fiber,24
fiber,35
fiber,251
fiber,29
fiber,33
fiber,15
fiber,12
blxr,-1287
fiber,20
blxr,-22
fiber,40
blxr,-16
fiber,29
blxr,-2
fiber,21
fiber,102
fiber,29
fiber,2
fiber,1
fiber,22
fiber,20
fiber,43
fiber,14
fiber,32
fiber,8
fiber,14
blxr,-22
fiber,40
fiber,1
fiber,23
blxr,-10
fiber,21
fiber,2
fiber,8
blxr,-32
fiber,62
fiber,38
fiber,22
blxr,-113
fiber,11
fiber,35
blxr,-18
fiber,35
fiber,12
blxr,-5
fiber,65
fiber,230491
fiber,16
blxr,-1
blxr,-1
blxr,-19
fiber,15
blxr,-5
fiber,27
fiber,7
fiber,33
blxr,-34
blxr,-4
blxr,-1
blxr,0
fiber,15
fiber,44
fiber,52
fiber,2
fiber,46
fiber,8
fiber,14
fiber,24
fiber,23
fiber,80
blxr,-11
fiber,52
blxr,-12
fiber,53
fiber,39
fiber,33
fiber,14
blxr,-30
fiber,39
fiber,30
fiber,23
fiber,10
fiber,24
fiber,28
fiber,49
blxr,-7
fiber,19
fiber,74
fiber,48
fiber,34
fiber,34
fiber,32
fiber,17
fiber,1014
fiber,56
fiber,3
fiber,27
fiber,1
blxr,-20
blxr,-3
fiber,13
fiber,10
fiber,3
fiber,484
fiber,35
fiber,8
fiber,89
fiber,5
fiber,1
fiber,451
fiber,27
blxr,-3
blxr,-182
fiber,97
fiber,8
blxr,-2
blxr,-3
fiber,8
fiber,19
fiber,27
fiber,2
fiber,16
blxr,-39
fiber,6
blxr,-6
fiber,22
fiber,10
blxr,-6
blxr,-47
fiber,11
fiber,15
fiber,10
fiber,1
fiber,68
fiber,11
fiber,6
blxr,-17
fiber,26
fiber,49
fiber,14
fiber,43
fiber,70
fiber,8
fiber,18
fiber,15
fiber,117
fiber,9
fiber,51
blxr,-5
fiber,6
blxr,-3
fiber,25
fiber,15
fiber,17
fiber,55
blxr,0
fiber,38
fiber,21
blxr,-23
blxr,-2
blxr,-9
fiber,50
fiber,6
fiber,493
fiber,21
blxr,0
blxr,-3
fiber,39
fiber,31
fiber,19
blxr,-13
fiber,18
fiber,18
fiber,37
fiber,38
fiber,168
fiber,15
fiber,25
fiber,22
blxr,-34
fiber,14
fiber,14
blxr,-6
fiber,21
fiber,70
blxr,0
blxr,-11
fiber,11
fiber,71
fiber,27
fiber,14
fiber,13
fiber,20
fiber,9
fiber,4
fiber,11
fiber,1205
fiber,31
blxr,-25
fiber,38
fiber,20
blxr,-33
fiber,59
fiber,26
fiber,14
fiber,27
fiber,21
fiber,23
fiber,28
fiber,19
fiber,41
fiber,10
fiber,76
fiber,18
blxr,-1
fiber,18
fiber,11
fiber,10
blxr,-3
fiber,125
fiber,8
blxr,-5
fiber,44
fiber,18
blxr,-6
fiber,16
fiber,41
fiber,50
fiber,32
fiber,31
fiber,17
fiber,1728
fiber,8
fiber,32
fiber,12
fiber,19
fiber,3575
fiber,61
fiber,34
fiber,1
fiber,47
fiber,15
fiber,64
blxr,-2
blxr,-10
fiber,8
blxr,-3
fiber,30
blxr,-9
fiber,42
fiber,1106
fiber,4
fiber,5
fiber,16
fiber,7
fiber,1
blxr,-22
fiber,586610
fiber,21
fiber,42
blxr,-6
blxr,-6
fiber,24
fiber,51
blxr,-13
fiber,8
blxr,-30
blxr,-7
blxr,-24
fiber,14
fiber,48
blxr,-8
fiber,10
fiber,5
fiber,39
fiber,7
fiber,151
fiber,31
blxr,-14
fiber,12
fiber,8
fiber,29
fiber,57
blxr,-9
fiber,31
fiber,11
fiber,18
blxr,-6
blxr,-4
fiber,18
fiber,68
fiber,18
fiber,118
fiber,39
fiber,18
fiber,8
blxr,-3
blxr,-3
fiber,17
fiber,50
fiber,27
blxr,-12
fiber,59
blxr,-2
fiber,22
fiber,18
blxr,-14
blxr,-4
blxr,-9
fiber,36
blxr,-5
blxr,-6
fiber,6
blxr,-1
fiber,21
fiber,23
fiber,75
fiber,28
fiber,14
blxr,-11
blxr,-4
fiber,28
fiber,12
fiber,34
fiber,36
fiber,24
fiber,44
blxr,-1
blxr,-28
fiber,19
fiber,28
fiber,14
blxr,-13
fiber,86
blxr,-21
fiber,3
fiber,15
fiber,27
fiber,40
fiber,13
fiber,5
fiber,20
fiber,39
fiber,41
blxr,-8
fiber,27
fiber,18
fiber,21
blxr,-10
fiber,22
blxr,-12
fiber,68
fiber,42
fiber,9
blxr,-6
fiber,14
fiber,19
fiber,7
fiber,23
fiber,8
blxr,-19
fiber,39
blxr,-18
blxr,-13
fiber,20
fiber,8
fiber,20
fiber,7
fiber,39
fiber,79
blxr,-30
blxr,-1
blxr,-29
fiber,32
fiber,79
fiber,7
fiber,4
fiber,20
blxr,-59
fiber,19
fiber,19
fiber,18
fiber,9
fiber,42
blxr,-4
fiber,26
blxr,-9
fiber,3150
fiber,16
fiber,16
blxr,-7
fiber,60
blxr,-7
fiber,19
fiber,32
fiber,52
fiber,7
fiber,43
fiber,11
fiber,39
blxr,-6
blxr,-12
fiber,27
fiber,68
fiber,6
fiber,329080
fiber,19
blxr,-14
fiber,35
fiber,6
fiber,497953
blxr,-27
fiber,21
fiber,6
fiber,25
fiber,43
fiber,38
blxr,0
fiber,10
fiber,38
fiber,42
fiber,125
blxr,-15
blxr,-14
fiber,17
fiber,5
fiber,7
fiber,12
fiber,49
blxr,-2
blxr,-3
fiber,182
blxr,-11
fiber,9
fiber,25
fiber,37
fiber,9
fiber,23
fiber,30
fiber,4
fiber,11
fiber,15
fiber,18
fiber,21
fiber,21
fiber,23
fiber,25
fiber,44
fiber,23
fiber,10
fiber,30
fiber,2733
fiber,6
fiber,14
blxr,-5
fiber,27
blxr,-9
fiber,2
fiber,41
fiber,3
fiber,8
blxr,-5
fiber,76
fiber,19
blxr,-3
fiber,5
blxr,-4
blxr,-8
blxr,-2
fiber,5
fiber,4
blxr,-16
fiber,4
fiber,16
blxr,-2
blxr,-4
fiber,10
fiber,7
fiber,12
fiber,2516
blxr,-14
blxr,-2
fiber,2582
blxr,-1
fiber,2
blxr,-11
fiber,21
fiber,11
blxr,-17
fiber,47
fiber,20
fiber,2
fiber,10
fiber,147828
blxr,-8
fiber,1
fiber,16
fiber,1
fiber,15
fiber,47
fiber,33
fiber,38
blxr,-4
fiber,10
fiber,8
fiber,62
fiber,3
fiber,15
fiber,24
blxr,-18
fiber,8
blxr,-12
fiber,89
fiber,45
fiber,19
fiber,8
fiber,24
fiber,32
fiber,54
fiber,1
fiber,31
fiber,3
fiber,296
blxr,0
fiber,53
fiber,12
fiber,32
blxr,-26
blxr,-9
fiber,66
fiber,20
fiber,18
blxr,-12
fiber,36
fiber,78
fiber,10
fiber,9
fiber,81
fiber,11
fiber,56
blxr,-19
fiber,14
fiber,16
fiber,11
fiber,64
fiber,20
fiber,2
fiber,14
fiber,9
fiber,5
fiber,15
fiber,33
fiber,10
fiber,91
fiber,1
fiber,46
blxr,-12
fiber,13
fiber,12
fiber,56
fiber,31
fiber,904783
fiber,10
fiber,58
fiber,24
fiber,15
fiber,15
fiber,6
fiber,10
fiber,9
fiber,40
fiber,33
fiber,12
blxr,0
blxr,-17
fiber,102
fiber,16
fiber,11
blxr,-10
fiber,974843
blxr,0
fiber,4
fiber,22
fiber,6
fiber,28
fiber,29
blxr,-26
fiber,6
fiber,18
blxr,-13
fiber,2
blxr,-4
fiber,7
blxr,-19
fiber,61
blxr,-19
fiber,27
fiber,23
blxr,-7
fiber,66
fiber,8
blxr,-7
fiber,10
fiber,40
fiber,16
fiber,4
fiber,9
fiber,11
fiber,62
fiber,13
fiber,29
blxr,-10
fiber,32
fiber,15
fiber,28
fiber,105747
fiber,6
blxr,0
fiber,25
fiber,21
fiber,13
fiber,13
fiber,37
fiber,39
fiber,489363
fiber,16
fiber,22
blxr,-9
fiber,18
blxr,-7
blxr,-21
fiber,6
fiber,21
fiber,14
fiber,25
fiber,25
fiber,46
fiber,18
blxr,-3
fiber,25
fiber,39
fiber,22
fiber,2
blxr,-9
fiber,54
fiber,24
blxr,-34
fiber,29
blxr,-4
fiber,9
fiber,19
blxr,-4
fiber,8
fiber,16
fiber,28
fiber,8
blxr,-1
fiber,18
fiber,8
fiber,25
blxr,-11
fiber,97
fiber,40
blxr,-19
fiber,6
fiber,10
fiber,4
blxr,-6
fiber,17
fiber,11
fiber,1
fiber,11
blxr,-14
fiber,41
blxr,-18
blxr,-36
blxr,-17
blxr,-10
fiber,18
fiber,765437
fiber,9
blxr,-15
blxr,-6
fiber,89
fiber,10
blxr,-19
blxr,0
fiber,37
fiber,23
fiber,66
blxr,-18
blxr,0
fiber,25
fiber,14
fiber,12
fiber,19
fiber,9
fiber,26
blxr,-116
fiber,8
fiber,36
blxr,-21
fiber,38
blxr,-8
fiber,21
fiber,48
blxr,-3
fiber,25
fiber,42
fiber,43
fiber,27
fiber,13
fiber,9
blxr,-6
fiber,42
fiber,540
fiber,23
blxr,-2
fiber,30
blxr,-7
fiber,20
fiber,11
fiber,329
fiber,4
blxr,0
blxr,-6
fiber,21
fiber,20
fiber,7
fiber,31
fiber,5
fiber,14
fiber,65
blxr,-34
fiber,93
fiber,39
fiber,20
fiber,16
fiber,27
fiber,61
blxr,-4
fiber,13
fiber,43
fiber,22
fiber,12
fiber,28
fiber,12
fiber,28
blxr,-1
fiber,4
fiber,34
blxr,-7
fiber,22
fiber,19
blxr,-15
fiber,18
blxr,-5
fiber,7
fiber,56
fiber,68
fiber,28
fiber,23
blxr,-1
fiber,52
fiber,9
fiber,35
fiber,34
fiber,32
blxr,-14
blxr,0
fiber,20
fiber,86
blxr,-17
fiber,26
fiber,15
fiber,6
fiber,41
fiber,304
fiber,75
fiber,18
fiber,10
fiber,5
fiber,28
fiber,17
fiber,64
fiber,30
fiber,137
blxr,0
fiber,17
blxr,-6
fiber,13
fiber,1
blxr,-6
fiber,36
fiber,49
fiber,6
fiber,66
blxr,-53
fiber,49
fiber,53
fiber,427
fiber,31
fiber,18
fiber,126
blxr,-11
fiber,17
fiber,1
blxr,-9
fiber,11
fiber,26
fiber,24
fiber,16
fiber,3
blxr,-4
fiber,11
fiber,116
fiber,18
blxr,-8
fiber,8
fiber,22
fiber,34
fiber,66
fiber,5
blxr,-4
blxr,-13
blxr,-55
fiber,106
fiber,5
fiber,9
fiber,26
blxr,-7
blxr,0
fiber,21
fiber,16
fiber,41
fiber,29
fiber,7
blxr,-2
fiber,15
fiber,37
fiber,64
fiber,8
fiber,8
blxr,-14
fiber,12
blxr,-1
fiber,49
fiber,15
fiber,7
fiber,32
fiber,14
fiber,13
fiber,10
blxr,-4
blxr,-12
fiber,27
fiber,6
blxr,-3
blxr,-2
fiber,28
blxr,-623265
fiber,17
fiber,44
fiber,61
fiber,17
fiber,15
fiber,100
fiber,45
fiber,72
blxr,-4
fiber,7
fiber,527182
fiber,5
blxr,-15
fiber,27
blxr,-119
fiber,9
fiber,3
fiber,21
fiber,1
fiber,15
fiber,15
blxr,-6
fiber,16
fiber,52
blxr,-14
blxr,-36
fiber,26
fiber,16
blxr,-23
blxr,-13323
blxr,-5
fiber,45
fiber,71
fiber,45
fiber,83
fiber,26
fiber,30
fiber,10
fiber,23
fiber,18
fiber,9
fiber,27
fiber,9
fiber,31
fiber,10
fiber,79
fiber,30
fiber,6
fiber,19
fiber,1
blxr,-1
fiber,28
fiber,4
fiber,34
fiber,19
fiber,30
blxr,-5
fiber,80
fiber,36
fiber,4
fiber,9
fiber,8
fiber,24
fiber,41
fiber,15
fiber,56
fiber,124
fiber,37
fiber,28
fiber,43
fiber,14
fiber,4
blxr,-13
fiber,6
fiber,118
fiber,7
fiber,19
fiber,30
fiber,5
fiber,4
fiber,22
fiber,20
fiber,6
blxr,-7
fiber,5
fiber,17
fiber,23
blxr,-35
fiber,5
fiber,51
blxr,-13
fiber,65
blxr,-9
fiber,38
blxr,-18
fiber,30
fiber,49
fiber,16
blxr,-11
blxr,-18
fiber,13
blxr,-79
fiber,18
fiber,65
fiber,15
fiber,35
blxr,-4
fiber,3
fiber,20
fiber,5
blxr,-3
blxr,-5
fiber,9
fiber,107
fiber,28
fiber,10
fiber,59
fiber,23
fiber,48
blxr,-7
blxr,-7
fiber,32
fiber,56
fiber,56
fiber,2
fiber,25
fiber,48
fiber,55
fiber,4
fiber,22
blxr,0
blxr,-16
fiber,19
fiber,29
fiber,36
blxr,-26
blxr,-15
fiber,10
fiber,26
fiber,26
fiber,13
fiber,3
fiber,2
blxr,-4
fiber,26
fiber,13
fiber,8
fiber,54
blxr,-19
fiber,11
fiber,66
fiber,53
fiber,5
fiber,11
fiber,7
blxr,-12
fiber,151
fiber,20
fiber,9
fiber,59
blxr,-7
fiber,8
blxr,-6
fiber,75
fiber,13
fiber,14
fiber,6
fiber,13
fiber,25
fiber,21
fiber,7
blxr,-11
fiber,23
fiber,13
blxr,-6
blxr,-4
blxr,-15
fiber,105
fiber,14
blxr,-163
fiber,79
fiber,44
fiber,12
fiber,24
blxr,-2
fiber,17
fiber,136
fiber,42
fiber,7
fiber,33
blxr,-28
fiber,21
fiber,12
fiber,7
fiber,32
fiber,35
fiber,24
fiber,7
fiber,17
fiber,9
blxr,-16
fiber,78
blxr,-4
fiber,23
fiber,13
blxr,-1
fiber,23
fiber,65
fiber,38
fiber,30
fiber,23
fiber,27
fiber,43
fiber,8
fiber,11
fiber,2
blxr,-2
blxr,-1
fiber,20
fiber,11
fiber,1
fiber,38
fiber,112
fiber,16
blxr,-21
fiber,35
fiber,16
fiber,12
blxr,-1
blxr,-5
fiber,20
fiber,61
blxr,-4
fiber,28
fiber,33
fiber,83
fiber,6
blxr,-9
blxr,-11
blxr,0
fiber,43
fiber,48
fiber,22
fiber,22
fiber,11
blxr,-8
blxr,0
fiber,24
fiber,6
fiber,57
fiber,20
fiber,40
fiber,3
fiber,4
blxr,-1
blxr,0
fiber,9
fiber,10
fiber,26
fiber,6
fiber,22
fiber,13
fiber,1260
blxr,-1
fiber,15
fiber,9
blxr,0
fiber,21
blxr,-2
fiber,18
fiber,14
fiber,3
fiber,48
fiber,27
blxr,-1
fiber,41
fiber,31
fiber,66
fiber,25
fiber,25
fiber,28
blxr,-22
blxr,-118
fiber,20
fiber,33
fiber,13
blxr,-14
fiber,62
blxr,-3
fiber,17
fiber,20
fiber,9
fiber,18
blxr,-831
fiber,32
fiber,25
fiber,28
fiber,13
blxr,-21
fiber,18
fiber,9
blxr,-7
fiber,19
fiber,30
fiber,19
blxr,-1020210
fiber,30
fiber,78
fiber,32
blxr,-2
blxr,-12
blxr,-345
blxr,-14
blxr,-4
fiber,16
fiber,52
fiber,9
fiber,15
fiber,35
fiber,29
fiber,76
fiber,1
fiber,19
fiber,68
fiber,44
fiber,13
blxr,-24
blxr,-14
fiber,33
fiber,43
blxr,-8
fiber,18
blxr,-11
fiber,39
fiber,27
fiber,11
blxr,-1
blxr,-4
fiber,13
fiber,26
fiber,14
fiber,29
blxr,0
fiber,5
fiber,22
fiber,23
blxr,-11
blxr,0
fiber,27
blxr,-18
blxr,-19
fiber,90
fiber,8
fiber,69
fiber,7
fiber,9
blxr,0
fiber,2
blxr,-13
fiber,8
fiber,27
fiber,16
fiber,20
fiber,18
fiber,23
fiber,32
fiber,42
fiber,33
blxr,-2
blxr,-9
fiber,31
fiber,11
fiber,17
fiber,13
fiber,2
fiber,20
fiber,18
fiber,4
fiber,13
fiber,5
fiber,11
blxr,-10
fiber,9
fiber,8
fiber,16
fiber,52
blxr,-11
blxr,-2
fiber,4
fiber,1
fiber,12
blxr,-11
blxr,-23
fiber,50
fiber,18
fiber,26
blxr,0
fiber,8
fiber,25
fiber,18
blxr,-6
blxr,-17
blxr,-6
fiber,10
fiber,27
fiber,9
fiber,2
fiber,10
blxr,-22
blxr,-36
fiber,8
blxr,-8
fiber,47
blxr,-12
fiber,67
fiber,5
fiber,2
fiber,56
fiber,1523
blxr,-23
blxr,-32
fiber,30
fiber,32
fiber,25
fiber,33
blxr,-13
blxr,-1
fiber,2
fiber,52
fiber,28
blxr,-10
fiber,1
fiber,36
fiber,9
fiber,35
fiber,3
fiber,44
fiber,9
fiber,6
fiber,33
blxr,-367180
fiber,9
blxr,-15
blxr,-17
fiber,1012
fiber,11
fiber,18
blxr,-2
blxr,-2
fiber,27
blxr,-5
fiber,11
fiber,26
blxr,-123
fiber,28
fiber,82
blxr,-2
fiber,86
fiber,16
fiber,21
fiber,3
fiber,39
fiber,63
blxr,-56
fiber,21
blxr,-16
fiber,19
fiber,33
fiber,85
fiber,114
fiber,65
fiber,2
fiber,9
fiber,43
fiber,20
fiber,24
blxr,-41
blxr,-10
fiber,17
fiber,47
fiber,39
blxr,-8
blxr,-3
fiber,31
fiber,39
blxr,-4
fiber,33
blxr,-15
fiber,10
fiber,13
blxr,-5
blxr,-13
fiber,8
blxr,-6
fiber,28
fiber,21
fiber,36
fiber,36
fiber,24
fiber,18
fiber,6
fiber,27
blxr,-130
blxr,0
fiber,21
fiber,8
fiber,29
blxr,-5
blxr,-17
fiber,3
fiber,5
fiber,7
fiber,319
fiber,8
blxr,-634
blxr,-1
fiber,16
fiber,25
blxr,-24
fiber,5
fiber,9
blxr,-8
fiber,3
blxr,0
fiber,19
fiber,1
blxr,-18
blxr,-6
fiber,45
fiber,48
fiber,24
fiber,48
fiber,20
fiber,9
blxr,-7
fiber,21
fiber,16
fiber,28
blxr,-27
fiber,9
fiber,28
fiber,16
blxr,0
fiber,91
blxr,-3
fiber,742
fiber,6
fiber,16
fiber,3
blxr,-12
fiber,18
fiber,2
fiber,26
fiber,6
fiber,1876
fiber,2
fiber,13
fiber,21
fiber,13
fiber,40
fiber,24
fiber,21
fiber,17
fiber,49
fiber,16
blxr,-1
fiber,23
fiber,12
fiber,2
fiber,8
fiber,21
blxr,-10
blxr,-10
fiber,16
fiber,19
fiber,78
fiber,9
blxr,-1
blxr,-13
fiber,28
fiber,49
fiber,30
blxr,-5
fiber,46
fiber,2645
blxr,0
blxr,-1
fiber,18
blxr,-8
fiber,40
blxr,-7
fiber,3
fiber,2
fiber,30
blxr,-8
fiber,68
fiber,17
fiber,48
fiber,15
fiber,20
fiber,17
fiber,5
fiber,3
fiber,5
blxr,-28
fiber,14
fiber,20
fiber,24
fiber,104
fiber,15
fiber,10
fiber,8
blxr,-2
blxr,-14
fiber,56
blxr,-6
blxr,-1
blxr,-3
blxr,-7
fiber,7
fiber,7
fiber,14
fiber,43
blxr,-10
fiber,17
blxr,-1
fiber,5
blxr,-4
fiber,4
fiber,45621
blxr,-2
fiber,18
fiber,15
blxr,-20
fiber,107
fiber,5
blxr,-8
fiber,47
blxr,-5
fiber,1
fiber,39
fiber,17
fiber,8
fiber,2
blxr,-2
fiber,4
blxr,-3
blxr,-377
fiber,23
fiber,29
fiber,11
fiber,22
fiber,47
blxr,-9
fiber,63
fiber,2
fiber,52
fiber,35
fiber,261
fiber,26
fiber,90
blxr,-18
fiber,1
fiber,17
fiber,18
fiber,1
blxr,-2
fiber,15
fiber,12
fiber,2
blxr,-26
fiber,11
fiber,27
fiber,43
fiber,33
fiber,53
fiber,39
fiber,15
fiber,13
blxr,-3
fiber,110
fiber,11
blxr,-5
blxr,-3
fiber,16
fiber,1
fiber,11
fiber,37
fiber,121
fiber,35
fiber,16
blxr,0
fiber,50
blxr,0
fiber,17
fiber,44
blxr,-2
fiber,37
fiber,62
blxr,-9
fiber,4
fiber,21
blxr,-8
blxr,0
fiber,32
fiber,17
fiber,33
fiber,28
fiber,24
fiber,16
fiber,17
blxr,-10
fiber,7
fiber,3
fiber,1439
fiber,8
fiber,23
fiber,4
blxr,-1
blxr,-6
fiber,23
fiber,24
fiber,23
blxr,-19
fiber,11
fiber,12
fiber,21
fiber,15
fiber,4
fiber,50
fiber,75
fiber,27
blxr,-20
fiber,15
fiber,33
fiber,11
fiber,49
fiber,63
fiber,14
fiber,6
fiber,49
fiber,16
fiber,20
fiber,95
fiber,19
fiber,17
fiber,43
fiber,16
fiber,3
fiber,8
fiber,28
fiber,14
fiber,7
fiber,17
blxr,-29
fiber,45
blxr,-204
fiber,91
fiber,20
blxr,-24
blxr,-1
fiber,39
blxr,-18
fiber,1
fiber,2
fiber,61
fiber,34
fiber,33
fiber,27
blxr,-1
fiber,1
fiber,67
fiber,13
fiber,2
blxr,-1
fiber,30
fiber,1633
fiber,41
fiber,29
fiber,65
fiber,29
fiber,13
fiber,51
fiber,62
fiber,16
blxr,-18
fiber,47
blxr,-22
blxr,-19
fiber,22
fiber,1116
fiber,28
blxr,-2
fiber,66
blxr,-6
fiber,2
fiber,15
blxr,-13
fiber,8
fiber,57
fiber,72
fiber,8
fiber,14
fiber,6
fiber,50
fiber,28
fiber,15
fiber,43
fiber,14
fiber,16
blxr,-65
fiber,22
blxr,-18
fiber,22
blxr,-12
blxr,-1
blxr,-12
fiber,76
fiber,36
blxr,-4
blxr,-4
fiber,27
blxr,-9
blxr,-3
fiber,65
fiber,82
fiber,12
fiber,43
blxr,-9
fiber,19
fiber,25
fiber,24
fiber,14
fiber,73
fiber,14
fiber,5
fiber,19
blxr,-4
fiber,7
blxr,-5
fiber,8
fiber,19
fiber,15
fiber,12
fiber,15
blxr,-2
blxr,-4
blxr,-8
fiber,27
fiber,39
fiber,5
blxr,-9
fiber,13
fiber,1
fiber,50
fiber,96
fiber,3
blxr,-12
fiber,63
blxr,-4
fiber,7
fiber,6
blxr,-19
fiber,14
fiber,2
blxr,-7
fiber,7
blxr,-10
fiber,5
fiber,23
fiber,6
fiber,68
fiber,33
blxr,-48
fiber,35
fiber,33
blxr,-10
fiber,27
fiber,280
blxr,-10
fiber,13
fiber,2
blxr,-6
fiber,14
fiber,12
fiber,1
fiber,32
fiber,7
blxr,-15
fiber,37
fiber,17
fiber,10
blxr,-14
fiber,65
fiber,175
blxr,-4
fiber,18
fiber,7
fiber,4
fiber,24
fiber,18
fiber,81
blxr,-1
blxr,-2
fiber,2
fiber,12
blxr,0
fiber,26
blxr,-21
fiber,42
blxr,0
fiber,20
fiber,17
fiber,333436
fiber,23
fiber,14
blxr,-19
blxr,-13
blxr,-6
fiber,33
blxr,-11
fiber,7
fiber,23
blxr,-62
blxr,-48
fiber,56
fiber,8
blxr,-9
fiber,45
fiber,61
fiber,14
blxr,-9
fiber,22
fiber,11
blxr,-9
fiber,24
fiber,7
blxr,-10
fiber,8
blxr,-17
blxr,-3
fiber,23
fiber,18
fiber,5
fiber,12
fiber,9
fiber,61
blxr,0
fiber,12
fiber,9
blxr,-15
fiber,6
fiber,14
blxr,-3
fiber,57
fiber,3
fiber,12
fiber,26
fiber,4
fiber,32
blxr,-3
blxr,-9
fiber,16
fiber,22
fiber,28
blxr,-6
fiber,33
fiber,12
fiber,29
blxr,-6
blxr,-2
blxr,0
fiber,401
fiber,31
fiber,10
fiber,87
fiber,22
blxr,-9
blxr,-16
fiber,38
fiber,12
fiber,13
fiber,5
fiber,15
fiber,39
blxr,-8
blxr,-6
fiber,4
fiber,43
blxr,-1
fiber,81
blxr,-7
fiber,25
blxr,-20
blxr,-4
fiber,16
fiber,7
fiber,72
fiber,10
fiber,3
fiber,71
fiber,25
fiber,19
fiber,19
fiber,27
fiber,9
blxr,-7
fiber,10
fiber,61
fiber,72
fiber,10
fiber,24
fiber,38
fiber,9
fiber,8
fiber,57
blxr,-17
fiber,15
fiber,25
fiber,12
fiber,1
fiber,27
fiber,10
blxr,-69
fiber,50
fiber,18
blxr,-1
blxr,-307
blxr,0
blxr,-4
blxr,-3
blxr,-24
fiber,13
fiber,12
fiber,71
fiber,17
fiber,18
fiber,797
fiber,21
fiber,38
fiber,22
fiber,127
fiber,56
blxr,-19
fiber,86
fiber,132
fiber,16
blxr,-2
fiber,11
fiber,9
fiber,18
fiber,35
fiber,31
fiber,12
blxr,0
fiber,11
fiber,7
blxr,-130
fiber,17
fiber,51
fiber,11
fiber,2
fiber,15
fiber,3
fiber,27
fiber,47
fiber,16
fiber,8
blxr,-16
fiber,35
fiber,25
blxr,-363267
fiber,15
fiber,13
fiber,19
fiber,40
fiber,16
fiber,7
fiber,54
fiber,26
fiber,35
blxr,-7
fiber,28
fiber,20
fiber,9
fiber,30
fiber,6
fiber,14
blxr,0
blxr,-7
blxr,-37
blxr,-15
blxr,-31
fiber,1
fiber,5
blxr,-6
blxr,-2
blxr,-6
blxr,-26
fiber,9
fiber,19
fiber,38
blxr,-5
fiber,42
fiber,7
fiber,103
fiber,4
fiber,62
fiber,27
fiber,124
fiber,7
blxr,-1
blxr,0
fiber,52
blxr,-54
fiber,119
fiber,5
fiber,7
blxr,-6
blxr,-10
blxr,-81
fiber,21
fiber,7
fiber,18
fiber,37
fiber,25
fiber,5
fiber,21
fiber,17
blxr,-3
fiber,1
fiber,19
fiber,3
fiber,16
fiber,21
fiber,14
fiber,6
fiber,13
fiber,17
fiber,151
fiber,45
fiber,11
blxr,-39
fiber,53
blxr,-24
fiber,16
blxr,0
fiber,81
blxr,-2
fiber,25
blxr,-15
blxr,-3
fiber,1532
blxr,-5
fiber,92
fiber,29
fiber,2
fiber,11
fiber,1
fiber,5
fiber,73
fiber,15
fiber,8
fiber,13
fiber,1
fiber,26
fiber,15
fiber,12
fiber,33
fiber,9
fiber,15
fiber,5
fiber,88
fiber,16
fiber,11
fiber,21
blxr,-13
fiber,68
fiber,29
blxr,-68
fiber,14
fiber,41
blxr,-9
blxr,-3
blxr,-15
fiber,20
fiber,5
fiber,18
fiber,35
fiber,43
fiber,49
fiber,42
fiber,11
blxr,-25
fiber,16
fiber,70
fiber,4
fiber,67
fiber,3586
fiber,24
fiber,4
blxr,-3
blxr,-8
fiber,9
fiber,7
fiber,16
fiber,19
fiber,5
fiber,10
fiber,35
fiber,18
fiber,62
fiber,88
fiber,27
fiber,8
blxr,-4
blxr,-22
fiber,9
blxr,-25
fiber,15
fiber,15
fiber,28
fiber,34
fiber,17
fiber,1
fiber,23
fiber,8
fiber,20
blxr,-7
fiber,12
fiber,38
blxr,-13
fiber,103
blxr,-3
blxr,-46
fiber,38
fiber,37
fiber,35
fiber,2
fiber,22
blxr,-2
blxr,-7
fiber,7
fiber,35
fiber,11
fiber,11
fiber,23
blxr,-19
fiber,80
fiber,3
fiber,5
fiber,70
fiber,16
fiber,22
blxr,-240
fiber,4
fiber,50
fiber,2500
blxr,-13
fiber,14
blxr,-8
fiber,40
fiber,29
blxr,-86
blxr,-4
fiber,20
fiber,2
fiber,22
blxr,-11
blxr,-6
fiber,32
blxr,-3
blxr,-1
fiber,37
fiber,801
blxr,-5
fiber,58
fiber,262
fiber,5
fiber,12
fiber,8
fiber,5
fiber,12
fiber,39
blxr,-1
blxr,-12
fiber,6
fiber,16
blxr,-1
blxr,-1
fiber,49
blxr,-33
fiber,5
fiber,5
fiber,25
fiber,14
fiber,8
fiber,46
blxr,0
fiber,428
blxr,-9
fiber,23
fiber,97
blxr,-15
fiber,11
fiber,24
fiber,27
fiber,63
fiber,16
fiber,14
blxr,-8
fiber,14
blxr,-1
fiber,75
blxr,-10
fiber,15
fiber,37
fiber,6
fiber,14
blxr,-36
fiber,25
fiber,11
fiber,1034
fiber,3
fiber,45
fiber,34
fiber,23
fiber,17
fiber,3
blxr,-13
fiber,14
fiber,9
fiber,12
fiber,8
fiber,6
fiber,75
fiber,21
fiber,6
fiber,51
fiber,32
fiber,6
blxr,-6
fiber,11
blxr,-3
fiber,18
blxr,-9
blxr,-5
fiber,13
fiber,21
fiber,30
fiber,6
fiber,10
blxr,-25
fiber,3
blxr,0
fiber,11
fiber,22
blxr,-5
fiber,42
fiber,19
fiber,304556
fiber,28
blxr,0
fiber,94
fiber,8
fiber,81
fiber,17
fiber,3
fiber,41
fiber,31
blxr,-7
fiber,18
fiber,59
fiber,7
blxr,-4
fiber,38
fiber,18
fiber,14
fiber,12
fiber,89
fiber,42
fiber,57
blxr,-3
fiber,6
blxr,-29
blxr,0
fiber,38
blxr,-18
fiber,5
fiber,86
fiber,96
fiber,82
fiber,24
fiber,89
fiber,12
fiber,13
fiber,19
fiber,7
fiber,7
fiber,60
fiber,1242
fiber,59
blxr,-1
fiber,8
blxr,-2
blxr,-9
fiber,46
fiber,179
fiber,9
fiber,34
fiber,51
blxr,-8
fiber,10
fiber,19
fiber,45
fiber,21
fiber,11
fiber,17
fiber,18
fiber,25
fiber,11
fiber,32
blxr,-9
fiber,9
fiber,105
blxr,-25
fiber,2
fiber,65
fiber,1
fiber,20
fiber,11
fiber,90
fiber,47
fiber,7
fiber,74
fiber,84
fiber,20
fiber,14
blxr,-6
fiber,11
fiber,31
blxr,-6
blxr,-1
fiber,12
blxr,-44
fiber,42
fiber,9
fiber,68
blxr,-13
blxr,-5
fiber,44
blxr,-1
fiber,57
fiber,6
fiber,39
blxr,-11
fiber,9
fiber,4
fiber,18
blxr,-14
fiber,41
blxr,-12
fiber,22
blxr,-3
fiber,15
fiber,44
blxr,-24
blxr,-5
fiber,58
blxr,-15
fiber,38
fiber,15
blxr,-13
blxr,-5
blxr,-11
fiber,15
fiber,23
fiber,35
fiber,63
fiber,23
fiber,20
blxr,-4
fiber,14
fiber,14
fiber,10
fiber,20
fiber,29
blxr,-24
fiber,28
blxr,-1
fiber,44
fiber,8
fiber,11
fiber,12
blxr,-3
fiber,29
blxr,-15
fiber,57
fiber,11
fiber,26
fiber,1
fiber,77
fiber,19
fiber,12
blxr,-10
blxr,-16
blxr,-9
blxr,-4
fiber,10
fiber,15
fiber,32
fiber,4
fiber,47
blxr,-6
fiber,21
blxr,0
fiber,1376
fiber,15
blxr,-734336
fiber,29
blxr,-19
fiber,20
fiber,11
fiber,31
blxr,-27
fiber,79
fiber,4
fiber,16
fiber,29
blxr,-17
fiber,118
fiber,32
fiber,6
blxr,-5
blxr,-18
fiber,53
fiber,13
fiber,15
fiber,63
fiber,21
fiber,33
fiber,16
blxr,-10
fiber,12
fiber,16
fiber,22
blxr,-6
fiber,34
fiber,2
fiber,5
fiber,16
fiber,27
fiber,7
fiber,17
fiber,33
blxr,-23
blxr,-8
fiber,19
blxr,-2
fiber,58
fiber,39
blxr,-3
fiber,60
fiber,18
fiber,7302
fiber,45
blxr,-15
blxr,-6
fiber,66
fiber,64
fiber,11
blxr,-7
blxr,-2
fiber,1
fiber,35
fiber,8
fiber,41
fiber,61
blxr,-7
fiber,1
fiber,44
fiber,17
fiber,65
blxr,0
fiber,204
fiber,12
fiber,16
blxr,-10
blxr,-10
fiber,14
fiber,10
fiber,40
blxr,-9
fiber,19
fiber,20
fiber,38
fiber,12
blxr,-4
blxr,0
fiber,60
blxr,-3
fiber,17
blxr,-138
blxr,-2
fiber,14
fiber,19
blxr,-9
fiber,18
fiber,9
fiber,49
blxr,-15
blxr,-9
fiber,51
blxr,-4
fiber,28
fiber,28
fiber,41
fiber,25
fiber,25
fiber,36
fiber,49
fiber,5
fiber,21
fiber,48
fiber,50
fiber,32
fiber,14
blxr,-24
fiber,7
fiber,17
fiber,10
fiber,20
fiber,34
fiber,7
fiber,17
blxr,-17
blxr,-11
fiber,12
fiber,3
fiber,50
fiber,17
blxr,-17
fiber,41
fiber,60
fiber,9
fiber,59
fiber,11
fiber,129
fiber,27
fiber,6
fiber,33
blxr,-5
fiber,4
blxr,-12
fiber,17
fiber,76
fiber,141
fiber,33
blxr,-19
fiber,10
fiber,9
fiber,28
blxr,-69
blxr,-5
fiber,18
blxr,-9
blxr,-73
fiber,2
blxr,-5
fiber,28
fiber,51
fiber,15
fiber,18
blxr,-1850
fiber,9
fiber,5
fiber,12
fiber,53
fiber,104
blxr,-7
fiber,93
fiber,19
blxr,-7
fiber,11
fiber,25
fiber,43
fiber,51
fiber,35
blxr,-5
fiber,5
fiber,20
fiber,22
fiber,6
blxr,-1
fiber,30
fiber,31
blxr,-8
blxr,-3
fiber,26
fiber,31
blxr,-4
blxr,-11
fiber,41
fiber,5
fiber,28
fiber,75
fiber,24
fiber,43
fiber,22
fiber,28
fiber,53
fiber,35
fiber,8
fiber,19
fiber,30
fiber,2
fiber,23
fiber,41
fiber,10
fiber,86
blxr,-14
fiber,18
fiber,53
fiber,22
blxr,-7
fiber,14
blxr,-10
fiber,11
fiber,9
fiber,1732
fiber,31
blxr,-5
fiber,19
blxr,-6
fiber,14
fiber,12
blxr,-23
fiber,13
fiber,24
blxr,-6
fiber,1297
blxr,-11
fiber,14
fiber,35
fiber,2
fiber,9
fiber,8
fiber,27
fiber,78
fiber,11
blxr,-15
fiber,3
fiber,80
fiber,29
blxr,-7
blxr,-12
blxr,-20
fiber,9
fiber,61
fiber,18
blxr,0
fiber,103
fiber,45
blxr,-16
fiber,11
fiber,5
fiber,9
blxr,-31
blxr,-1
blxr,-2
fiber,20
fiber,28
fiber,15
blxr,-15
fiber,15
fiber,49
blxr,-3
fiber,20
blxr,-6
fiber,7
fiber,19
blxr,-5
fiber,14
blxr,-12
fiber,13
fiber,39
fiber,15
fiber,6
fiber,12
blxr,-14
fiber,10
blxr,-15
fiber,75
fiber,51
fiber,2
fiber,29
fiber,12
fiber,11
fiber,12
fiber,20
fiber,10
fiber,5
fiber,11
fiber,12
fiber,35
fiber,9
fiber,3
fiber,27
fiber,20
fiber,1
fiber,19
blxr,-17
fiber,14
fiber,16
fiber,2708
blxr,-7
fiber,82
fiber,13
blxr,-6
fiber,15
fiber,14
fiber,18
fiber,55
fiber,15
fiber,7
fiber,9
fiber,15
blxr,-2
fiber,3866
fiber,38
fiber,70
fiber,14
fiber,11
fiber,33
fiber,1
fiber,14
fiber,39
blxr,-9
fiber,8
blxr,-2
fiber,18
fiber,31
fiber,27
fiber,54
blxr,-29
fiber,3
fiber,15
fiber,40
fiber,71
blxr,-116
fiber,23
fiber,11
blxr,-124
fiber,5
fiber,32
fiber,39
fiber,8742
fiber,21
fiber,12
fiber,16
fiber,14
fiber,7
fiber,29
blxr,-3
blxr,-91
fiber,61
fiber,53
fiber,26
fiber,10
fiber,48
fiber,40
blxr,-25
fiber,9
fiber,23
fiber,12
fiber,18
fiber,19
fiber,33
blxr,-21
blxr,-15
blxr,-16
fiber,27
fiber,60
fiber,5
fiber,18
fiber,6
fiber,1
fiber,126
fiber,71
fiber,32
fiber,71
fiber,41
fiber,8
fiber,8
fiber,14
fiber,36
fiber,20
fiber,49
fiber,7
blxr,-9
fiber,79
fiber,10
fiber,44
fiber,71
fiber,62
fiber,9
fiber,16
fiber,15
fiber,4
fiber,72
fiber,37
fiber,20
fiber,20
fiber,20
fiber,1
fiber,51
fiber,46
fiber,113
fiber,11
fiber,34
fiber,32
fiber,18
fiber,35
fiber,36
blxr,-75
fiber,16
fiber,21
fiber,23
fiber,47
fiber,6
fiber,40
fiber,32
fiber,10
fiber,12
blxr,-20
fiber,41
fiber,9
fiber,20
fiber,24
blxr,-7
blxr,-13
fiber,9
fiber,102
fiber,7
fiber,8
fiber,48
fiber,79
blxr,-6
fiber,12
fiber,41
fiber,6
blxr,-12
fiber,81
blxr,-29
fiber,12
fiber,9
fiber,29
blxr,-22
fiber,10
fiber,70
blxr,0
fiber,58
blxr,0
fiber,22
blxr,-20
fiber,18
fiber,15
fiber,15
fiber,4
fiber,41
fiber,8
fiber,20
blxr,0
fiber,14
fiber,15
fiber,5
fiber,6
fiber,21
fiber,15
blxr,-8
fiber,28
blxr,-8
fiber,3
fiber,77
fiber,17
fiber,2
fiber,12
fiber,66
blxr,-11
blxr,-5
fiber,17
blxr,-2
fiber,31
fiber,30
blxr,-2
fiber,59
fiber,35
blxr,-29
fiber,19
fiber,12
blxr,-29
fiber,26
fiber,26
fiber,57
fiber,22
blxr,-14
blxr,-13
fiber,17
blxr,0
fiber,17
fiber,9
fiber,30
fiber,9
fiber,29
fiber,28
fiber,13
blxr,-15
fiber,8
fiber,26
fiber,19
fiber,41
fiber,2
fiber,34
blxr,-20
fiber,37
fiber,5
fiber,14
fiber,142
fiber,9
fiber,64
fiber,38
fiber,121
fiber,27
fiber,9
fiber,29
fiber,9
fiber,14
blxr,-5
fiber,35
fiber,19
blxr,-13
fiber,13
fiber,13
fiber,19
blxr,-1091499
fiber,25
fiber,32
fiber,32
fiber,10
fiber,36
fiber,8
fiber,5
fiber,13
fiber,34
fiber,11
blxr,-2
fiber,13
fiber,21
fiber,70
fiber,19
blxr,-36
fiber,36
blxr,-4
fiber,27
fiber,93
fiber,12
blxr,-33
fiber,13
fiber,4
fiber,39
fiber,7
fiber,11
fiber,53
blxr,-12
blxr,-1
fiber,31
blxr,-5
fiber,33
blxr,0
fiber,41
fiber,9
fiber,26
blxr,-7
fiber,15
fiber,27
fiber,1
fiber,28
fiber,4
fiber,35
fiber,1
fiber,18
blxr,0
fiber,421
blxr,-25
fiber,40
blxr,-11
fiber,43
fiber,31
fiber,21
fiber,31
blxr,-2
fiber,37
blxr,0
blxr,-19
fiber,3
blxr,-11
blxr,-10
fiber,27
fiber,9
blxr,0
fiber,45
fiber,5
fiber,382
fiber,23
fiber,17
fiber,10
blxr,-1
fiber,55
fiber,8
fiber,60
fiber,34
fiber,69
fiber,4
blxr,-13
fiber,45
fiber,8
fiber,67
blxr,-74
fiber,8
fiber,15
fiber,68
fiber,21
fiber,16
blxr,-7
blxr,-4
fiber,15
blxr,-14
fiber,12
fiber,19
fiber,8
fiber,25
blxr,-53
blxr,-7
blxr,-5
fiber,24
fiber,8020
blxr,-633151
fiber,42
fiber,18
fiber,12
fiber,68
fiber,45
fiber,21
blxr,-2
fiber,42
fiber,19
fiber,16
blxr,-26
fiber,9
fiber,12
blxr,-27
blxr,0
fiber,4
blxr,-2
fiber,22
fiber,72
fiber,72
fiber,11
fiber,6
fiber,16
fiber,13
fiber,28
blxr,-1
fiber,27
blxr,-5
fiber,61
fiber,21
fiber,37
fiber,37
fiber,6
blxr,-11
fiber,22
fiber,19
blxr,-3
blxr,-9
fiber,62
blxr,-4
blxr,-13
blxr,-1
fiber,16
fiber,3
fiber,61
blxr,-4
fiber,33
fiber,18
fiber,112
fiber,21
fiber,3
fiber,21
fiber,81
blxr,0
fiber,23
blxr,-18
fiber,40
fiber,3
fiber,47
fiber,706
blxr,-11
blxr,-4
fiber,101
blxr,-30
fiber,52
blxr,-10
fiber,18
fiber,15
blxr,-5
fiber,22
fiber,7
fiber,19
fiber,32
fiber,73
fiber,36
fiber,61
blxr,-6
fiber,3
fiber,25
fiber,5
fiber,25
fiber,18
fiber,6
fiber,37
blxr,-19
fiber,20
fiber,29
blxr,-5
fiber,18
fiber,27
fiber,25
fiber,65
fiber,18
fiber,97
fiber,20
blxr,-12
fiber,13
fiber,2
fiber,8
fiber,73
fiber,1
fiber,22
fiber,33
fiber,27
blxr,0
blxr,-6
blxr,-4
fiber,23
fiber,11
fiber,22
fiber,25
fiber,529
fiber,19
fiber,17
blxr,-11
blxr,-12
blxr,-4
blxr,-5
fiber,32788
fiber,27
blxr,-6
fiber,10
fiber,19
blxr,-2
blxr,-9
fiber,9
fiber,29
fiber,30
fiber,7
fiber,49
blxr,-20
fiber,28
fiber,12
fiber,18
blxr,-13
blxr,-1
fiber,815
fiber,24
blxr,-27
blxr,-1
fiber,63
fiber,9
blxr,-14
blxr,-8
fiber,45
fiber,24
fiber,12
blxr,-113
fiber,44
fiber,6
fiber,9
fiber,60
fiber,7
fiber,13
fiber,34
blxr,-32
fiber,19
fiber,13
fiber,10
fiber,34
fiber,11
blxr,-1
fiber,35
fiber,18
fiber,10
fiber,16
fiber,32
blxr,-5
fiber,14
blxr,-15
blxr,-6
fiber,25
fiber,79
blxr,-7
fiber,5
blxr,0
blxr,-75
fiber,54
fiber,46
fiber,4
fiber,4
fiber,47
fiber,39
fiber,1
fiber,16
fiber,22
fiber,61
fiber,308
blxr,-31
blxr,-1
fiber,42
fiber,21
fiber,34
blxr,-4
blxr,-4
fiber,25
fiber,1
fiber,20
blxr,-63
fiber,33
fiber,10
blxr,-8
blxr,-1
blxr,0
fiber,66
fiber,16
fiber,5
fiber,2
blxr,-8
fiber,13
fiber,18
fiber,6
fiber,11
blxr,-10
blxr,-4
fiber,30
fiber,16
fiber,4
fiber,8
fiber,14
fiber,27
fiber,17
blxr,-24
fiber,12
fiber,23
fiber,20
fiber,30
fiber,36
blxr,-30
fiber,3
fiber,556
fiber,47
fiber,20
fiber,5
fiber,11
blxr,-11
blxr,-14
fiber,1
fiber,9
fiber,1
blxr,-1
fiber,18
fiber,21
fiber,57
fiber,9
fiber,10
blxr,-25
fiber,43
fiber,28
fiber,29
blxr,-5
blxr,-7
blxr,-38
blxr,-6
fiber,1
fiber,42
fiber,22
blxr,-4
fiber,7
fiber,16
fiber,69
fiber,11
fiber,13
fiber,10
blxr,-2
fiber,94
fiber,5
fiber,18
fiber,31
fiber,11
fiber,12
fiber,19
blxr,-17
fiber,18
blxr,0
fiber,22
fiber,36
blxr,-10
fiber,8
fiber,56
fiber,56
fiber,24
fiber,11
fiber,23
fiber,56
blxr,-24
fiber,41
fiber,31
blxr,-1
fiber,23
fiber,5
blxr,-3
fiber,5
fiber,11
blxr,-12
fiber,7
blxr,-65
fiber,17
fiber,48
fiber,22
blxr,-4
fiber,20
fiber,10
blxr,-10
fiber,11
fiber,3
blxr,-11
blxr,-4
blxr,-18
fiber,16
fiber,49
blxr,-4
fiber,4
fiber,10
blxr,-4
fiber,41
fiber,22
fiber,64
fiber,10
fiber,83
blxr,-22
fiber,108
blxr,-1
fiber,20
fiber,4
blxr,-1
fiber,43
fiber,38
fiber,18
fiber,63
fiber,14
fiber,51
fiber,11
fiber,3
blxr,-5
blxr,-911
fiber,114
fiber,48
fiber,27
fiber,13
blxr,-14
blxr,-4
blxr,-10
fiber,40
fiber,25
blxr,-11
blxr,-5
fiber,42
fiber,7
blxr,-4
blxr,-208
blxr,-8
fiber,9
fiber,35
fiber,3
fiber,19
fiber,10
fiber,10
blxr,-1
fiber,23
fiber,18
fiber,25
blxr,-5
fiber,34
fiber,13
fiber,49
fiber,2
fiber,242
fiber,16
fiber,42
fiber,13
fiber,45
fiber,5
fiber,18
fiber,36
fiber,56
fiber,23
blxr,-13
blxr,-3
blxr,-1
blxr,-7
fiber,24
fiber,20
fiber,3
fiber,43
fiber,2
fiber,44
fiber,1003
fiber,3
blxr,-17
fiber,75
blxr,-2
fiber,19
fiber,18
fiber,6
blxr,-16
fiber,20
blxr,-4
blxr,-12
fiber,9
blxr,-3
fiber,14
fiber,22
fiber,29
fiber,36
fiber,16
fiber,24
fiber,88
fiber,1
blxr,-6
fiber,16
fiber,13
fiber,75
fiber,7
fiber,20
blxr,-17
fiber,4
fiber,22
fiber,1071507
fiber,15
fiber,55
fiber,12
fiber,10
blxr,-4
fiber,16
fiber,52
blxr,0
blxr,-4
fiber,19
fiber,11
fiber,30
fiber,12
fiber,15
fiber,4
fiber,4
fiber,1
fiber,18
fiber,12
fiber,6
blxr,0
fiber,38
fiber,43
fiber,42
fiber,49
blxr,-5
fiber,26
fiber,16
blxr,-6
blxr,-27
fiber,30
blxr,0
fiber,28
fiber,22
fiber,24
fiber,15
blxr,-704603
fiber,11
fiber,26
blxr,-5
fiber,6
fiber,10
fiber,4
fiber,6
fiber,11
blxr,-42
fiber,39
fiber,40
fiber,18
fiber,3162
fiber,20
fiber,11
blxr,-7
blxr,-4
fiber,161
blxr,-5
fiber,33
fiber,10
blxr,-13
fiber,50
fiber,14
fiber,11
fiber,14
fiber,321
fiber,20
fiber,18
fiber,12
fiber,9
fiber,9
blxr,-6
fiber,9
fiber,52
fiber,17
fiber,21
blxr,-10
fiber,13
fiber,19
fiber,11
blxr,-4
blxr,-9
fiber,18
blxr,-6
fiber,18
fiber,16
fiber,17
fiber,14
fiber,42
fiber,40
fiber,12
fiber,24
blxr,-2
fiber,13
fiber,7
blxr,-2
fiber,45
fiber,8
fiber,13
blxr,-12
fiber,51
fiber,20
fiber,10
fiber,3
blxr,-22
fiber,50
fiber,19
blxr,-22
blxr,-29
fiber,21
blxr,0
fiber,22
fiber,59
fiber,26
fiber,31
fiber,25
fiber,38
fiber,26
fiber,1145
fiber,3
blxr,-2
fiber,6
fiber,3
fiber,20
fiber,89
blxr,-15
fiber,11
fiber,24
blxr,-367822
fiber,37
blxr,-9
fiber,17
fiber,33
blxr,-8
blxr,-22
fiber,3
fiber,15
blxr,-9
blxr,-26
fiber,18
fiber,25
blxr,-4
blxr,-8
fiber,11
fiber,10
blxr,-14
fiber,132
blxr,-9
fiber,35
blxr,-36
fiber,23
fiber,3
fiber,10
fiber,32
fiber,12
blxr,-1
fiber,49
fiber,24
fiber,21
fiber,11
blxr,-5
fiber,80
blxr,-18
fiber,2
fiber,27
fiber,12
fiber,21
fiber,1
fiber,43
fiber,19
fiber,7
fiber,12
fiber,10
fiber,23
fiber,25
fiber,12
fiber,26
fiber,44
fiber,30
fiber,8
fiber,18
fiber,4
fiber,11
fiber,5
fiber,32
blxr,-34
fiber,21
fiber,13
blxr,-2
fiber,21
blxr,-3
fiber,46
fiber,53
fiber,12
fiber,96
fiber,37
fiber,38
fiber,79
fiber,9
fiber,77
fiber,26
blxr,-8
fiber,26
fiber,728
fiber,4
fiber,4
fiber,17
fiber,22
fiber,692
fiber,60
fiber,17
fiber,58
fiber,8
blxr,-11
fiber,10
fiber,15
blxr,-63
fiber,65
fiber,58
fiber,83
fiber,2
fiber,57
fiber,17
blxr,-5
blxr,-8
fiber,30
fiber,7
blxr,-2
blxr,-6
blxr,-7
fiber,35
blxr,-7
blxr,-9
blxr,-9
fiber,18
blxr,-8
fiber,16
fiber,116
blxr,-7
fiber,68
fiber,11
fiber,19
blxr,0
blxr,-7
fiber,3
blxr,-1
blxr,0
fiber,46
fiber,15
fiber,60
fiber,19
blxr,-6
fiber,29
blxr,-10
blxr,-1
fiber,26
blxr,-9
fiber,11
fiber,12
fiber,29
fiber,49
fiber,88
fiber,80
blxr,-11
fiber,14
fiber,20
fiber,17
fiber,2
fiber,29
fiber,577
fiber,13
fiber,19
fiber,1988
fiber,10
fiber,29
fiber,33
fiber,66
fiber,30
fiber,20
blxr,-4
blxr,-14
blxr,-20
blxr,-17
fiber,30
blxr,-1
blxr,-12
blxr,-6
fiber,28
fiber,29
fiber,10
blxr,-5
fiber,21
blxr,-123233
fiber,35
fiber,37
fiber,9
fiber,61
blxr,-8
fiber,4
fiber,8
fiber,15
fiber,26
fiber,142
fiber,10
fiber,41
fiber,9
blxr,-9
fiber,20
fiber,38
blxr,-11
fiber,45
fiber,13
fiber,37
fiber,41
fiber,12
fiber,71
blxr,-8
fiber,1
fiber,12
fiber,9
fiber,19
fiber,7
fiber,21
fiber,30
fiber,11
blxr,-28
fiber,7
blxr,-2
fiber,28
fiber,16
fiber,42
fiber,23
fiber,1
fiber,18
blxr,-4
fiber,13
fiber,35
blxr,-7
fiber,24
fiber,55
blxr,-13
blxr,-8
blxr,-16
blxr,-1
blxr,-9
fiber,5
fiber,2
fiber,30
fiber,4
fiber,9
fiber,6
blxr,-11
fiber,30
fiber,14
blxr,-4
blxr,-24
fiber,23
fiber,109
fiber,29
fiber,5
fiber,41
fiber,70
blxr,-2
blxr,-22
fiber,37
fiber,21
blxr,-25
fiber,14
fiber,26
fiber,2296
fiber,60
fiber,10
fiber,40
fiber,78
fiber,19
fiber,19
fiber,29
fiber,2
fiber,13
blxr,-5
fiber,9
fiber,24
fiber,25
blxr,-1
blxr,-8
fiber,20
fiber,9
fiber,32
fiber,28
fiber,19
fiber,16
fiber,35
fiber,6
fiber,51
blxr,-14
fiber,10
fiber,66
blxr,-25
fiber,13
fiber,4
blxr,-5
fiber,1
fiber,21
fiber,253712
blxr,-2
fiber,26
blxr,-16
fiber,40
blxr,-4
fiber,33
fiber,13
blxr,-16
fiber,10
fiber,563
fiber,11
blxr,-58
blxr,-8
fiber,66
fiber,15
blxr,-7
fiber,23
fiber,11
fiber,1
fiber,89
blxr,-9
fiber,9
blxr,-3
fiber,6
fiber,6
fiber,40
fiber,49
fiber,9
blxr,0
blxr,-14
fiber,18
fiber,8
fiber,55
fiber,20
blxr,-38
fiber,34
fiber,5
blxr,-1
fiber,20
fiber,5
fiber,15
fiber,25
fiber,1
fiber,4
fiber,19
fiber,18
blxr,-11
fiber,15
fiber,18
fiber,10
fiber,38
blxr,-7
fiber,50
fiber,41
fiber,9
fiber,22
fiber,11
fiber,15
fiber,7
fiber,92
fiber,1327
fiber,5
fiber,44
blxr,-22
fiber,6
fiber,3
blxr,-4
fiber,22
fiber,30
fiber,20
fiber,66
fiber,40
fiber,25
fiber,11
fiber,2
fiber,19
blxr,-204
blxr,-8
fiber,39
fiber,3
fiber,9
fiber,2
blxr,-4
fiber,3
blxr,-21
fiber,56
fiber,37
fiber,16
fiber,20
fiber,19
fiber,18
fiber,30
fiber,18
fiber,11
fiber,46
fiber,7
fiber,6
fiber,3
blxr,-8
fiber,288
fiber,9
fiber,18
fiber,71
fiber,42
fiber,29
fiber,19
blxr,-3
fiber,4
fiber,16
fiber,36
fiber,6
fiber,35
fiber,15
fiber,13
blxr,-12
blxr,-35
blxr,-3
fiber,16
blxr,-1
fiber,34
fiber,12
fiber,15
fiber,28
fiber,26
blxr,-8
fiber,18
fiber,12
blxr,-19
fiber,18
fiber,20
blxr,-15
fiber,118
blxr,-28
fiber,18
fiber,25
fiber,7
blxr,-19
fiber,16
fiber,44
fiber,17
fiber,269
fiber,40
fiber,5
fiber,16
blxr,-148277
fiber,22
fiber,6
fiber,10
fiber,7
blxr,-14
blxr,-24
fiber,13
blxr,-5
blxr,-4
fiber,26
fiber,53
fiber,14
fiber,19
fiber,16
blxr,-1
blxr,-31
fiber,5
fiber,5
blxr,-19
fiber,8
fiber,11
fiber,11
fiber,9
fiber,26
fiber,52
fiber,14
blxr,-5
fiber,34
fiber,8
fiber,39
fiber,97
blxr,-34
fiber,12
fiber,29
blxr,-4
blxr,-49
blxr,-6
fiber,19
fiber,86
fiber,42
fiber,6
fiber,29
blxr,-23
blxr,-22
blxr,-11
fiber,12
fiber,17
blxr,-27
fiber,17
fiber,45
fiber,21
fiber,439707
fiber,37
fiber,31
fiber,109
fiber,21
blxr,-5
fiber,12
fiber,4
blxr,-5
fiber,5
fiber,119
blxr,-158
blxr,-12
fiber,67
fiber,16
fiber,30
fiber,1228
fiber,3
fiber,12
fiber,74
fiber,24
blxr,-15
blxr,-116
fiber,2
fiber,5
fiber,39
fiber,2
fiber,32
blxr,-19
fiber,31
fiber,67
fiber,20
fiber,3
blxr,-6
fiber,10
fiber,104
fiber,6
fiber,20
fiber,78
fiber,90
blxr,-57
blxr,-61
fiber,13
blxr,-10
fiber,78
fiber,172
fiber,19
fiber,9
blxr,-4
fiber,23
fiber,14
fiber,26
fiber,11
fiber,9
blxr,-7
fiber,14
fiber,7
fiber,34
blxr,-5
fiber,9
blxr,-13
fiber,25
fiber,3
fiber,64
fiber,5
blxr,0
fiber,24
fiber,24
fiber,7
fiber,39
fiber,4
fiber,12
fiber,29
fiber,15
fiber,63
fiber,14
fiber,13
fiber,12
fiber,5
fiber,10
fiber,21
fiber,6
blxr,-5
fiber,4
fiber,17
fiber,18
fiber,34
fiber,9
fiber,16
fiber,17
fiber,12
blxr,-11
blxr,-5
blxr,-3
blxr,-4
blxr,-4
fiber,23
fiber,52
fiber,5
blxr,-4
blxr,-50
blxr,-64
blxr,-4
fiber,10
fiber,13
blxr,-8
fiber,49
blxr,-3
fiber,84
fiber,47
fiber,22
fiber,43
fiber,16
fiber,7
blxr,-7
fiber,3
fiber,44
fiber,21
fiber,20
blxr,-14
fiber,28
blxr,-17
fiber,13
blxr,-7
blxr,-21
fiber,5
fiber,43
fiber,6
blxr,-2
fiber,13
fiber,21
fiber,18
fiber,36
fiber,41
fiber,10
blxr,-16
blxr,-3
fiber,37
fiber,20
fiber,11
blxr,-15
fiber,5
fiber,20
fiber,46
fiber,79
fiber,30
fiber,36
blxr,-16
fiber,4
fiber,14
fiber,2
fiber,11
fiber,9
fiber,14
fiber,67
fiber,44
fiber,81
fiber,20
fiber,11
fiber,45
fiber,21
fiber,7
fiber,30
fiber,44
fiber,23
fiber,138
fiber,10
fiber,4
fiber,9
fiber,1
blxr,-3
fiber,73
fiber,26
blxr,-7
fiber,3
fiber,100
fiber,13
fiber,22
fiber,29
fiber,11
fiber,59
fiber,12
blxr,-110
fiber,15
fiber,18
fiber,38
blxr,-15
fiber,31
fiber,40
fiber,44
fiber,25
fiber,61
blxr,-5
blxr,-37
fiber,77
fiber,22
fiber,7
blxr,-61
fiber,98
blxr,-3
fiber,42
fiber,46
fiber,2
fiber,13
fiber,11
fiber,38
fiber,75
fiber,11
fiber,297
fiber,10
blxr,-10
fiber,10
fiber,20
fiber,2
fiber,9
blxr,0
fiber,8
fiber,36
blxr,-57
fiber,52
fiber,5
blxr,-12
fiber,17
fiber,39
fiber,19
fiber,33
fiber,45
fiber,39
fiber,31
fiber,3
fiber,39
fiber,18
blxr,-1
blxr,0
fiber,65
fiber,23
blxr,-3
fiber,16
fiber,12
fiber,16
fiber,52
blxr,-2
fiber,61
blxr,-6
blxr,-8
fiber,25
fiber,31
fiber,44
fiber,32
fiber,11
fiber,36
fiber,2
fiber,23
fiber,43
fiber,16
fiber,82
fiber,11
fiber,23
fiber,4
fiber,58
blxr,-10
blxr,-11
fiber,12
fiber,16
fiber,2
fiber,8
fiber,12
fiber,10
fiber,9
fiber,40
fiber,17
fiber,54
blxr,-9
fiber,19
fiber,11
fiber,16
blxr,-2
fiber,21
fiber,16
fiber,272
fiber,23
fiber,53
fiber,56
fiber,12
fiber,12
fiber,37
blxr,-5
fiber,21
fiber,14
fiber,18
blxr,-5
fiber,44
fiber,40
fiber,13
fiber,55
fiber,36
fiber,21
fiber,28
fiber,3
fiber,29
fiber,3
fiber,19
fiber,9
fiber,23
fiber,20
fiber,5
fiber,64
fiber,109
fiber,19
fiber,4
fiber,43
fiber,28
fiber,22
fiber,35
fiber,21
fiber,23
blxr,0
fiber,19
fiber,3
fiber,11
fiber,15
fiber,8
fiber,16
fiber,29
fiber,14
fiber,28
blxr,-11
blxr,-9
fiber,9
fiber,57
fiber,3
fiber,39
fiber,40
fiber,11
fiber,25
blxr,0
fiber,3
fiber,18
fiber,50
blxr,0
fiber,14
fiber,102
fiber,47
blxr,-125
fiber,19
fiber,46
fiber,12
blxr,-32
blxr,-13224
blxr,-3
blxr,-24
fiber,29
fiber,28
fiber,54
fiber,2
fiber,20
fiber,35
fiber,8
blxr,-11
blxr,-4
fiber,8
fiber,33
fiber,1
blxr,-4
fiber,55
fiber,16
fiber,50
blxr,-544
fiber,23
blxr,-10
fiber,3
fiber,8
fiber,45
fiber,68
fiber,6
fiber,21
fiber,31
fiber,20
blxr,-6
fiber,24
fiber,18
fiber,22
fiber,15
blxr,-4
blxr,-17
fiber,7
blxr,-141
fiber,40
blxr,-8
fiber,9
fiber,18
fiber,12
fiber,22
blxr,-3
fiber,18
fiber,1902
fiber,128
fiber,28
fiber,17
blxr,-3
fiber,38
fiber,28
blxr,0
fiber,12
fiber,4
blxr,-9
fiber,12
fiber,72
fiber,17
fiber,39
blxr,-1
fiber,37
blxr,-26
blxr,0
fiber,12
fiber,11
fiber,27
fiber,22
fiber,30
fiber,21
blxr,-5
fiber,24
blxr,-16
fiber,8
blxr,-11
fiber,6
blxr,-10
blxr,-9
fiber,43
fiber,24
fiber,20
fiber,66
blxr,-7
fiber,26
fiber,13
blxr,-5
fiber,16
blxr,-4
blxr,-4
blxr,-7
blxr,-2
fiber,52
fiber,98
fiber,13
fiber,43
fiber,13
blxr,-254
fiber,11
fiber,43
blxr,-5
fiber,33
fiber,7
fiber,27
fiber,37
fiber,29
blxr,-38
blxr,-1
fiber,9
blxr,-15
fiber,18
blxr,-9
fiber,16
fiber,25
blxr,-7
fiber,10
blxr,0
blxr,-15
fiber,23
fiber,13
fiber,127
fiber,46
blxr,0
blxr,-24
fiber,25
blxr,-7
blxr,-55
fiber,151
fiber,5
fiber,38
blxr,-22
fiber,15
blxr,-6
fiber,1
fiber,5
fiber,59
fiber,17
blxr,-15
blxr,-3
fiber,9
fiber,5025
fiber,152
fiber,16
blxr,-15
fiber,30
fiber,15
fiber,26
fiber,25
fiber,48
blxr,-28
fiber,6
fiber,34
fiber,40
fiber,19
fiber,19
fiber,15
blxr,-3
fiber,24
fiber,38
fiber,16
blxr,-2
blxr,-12
fiber,14
fiber,31
fiber,31
blxr,-1
fiber,11
fiber,21
fiber,21
fiber,60
fiber,22
fiber,13
fiber,8
fiber,9
blxr,-10
blxr,-16
fiber,8
fiber,14
blxr,-56
fiber,45
fiber,10
fiber,4
fiber,9
fiber,1
fiber,19
fiber,34
blxr,-35
blxr,-17
fiber,44
fiber,35
fiber,16
fiber,21
blxr,-15
fiber,24
fiber,40
blxr,-11
fiber,30
fiber,8
fiber,13
fiber,30
fiber,55
fiber,74
fiber,23
fiber,28
blxr,-5
fiber,13
fiber,69
blxr,-31
fiber,11
blxr,-21
blxr,-8
fiber,2
fiber,8
blxr,-10
fiber,4
blxr,-16
fiber,17
fiber,19
blxr,-15
blxr,-10
fiber,31
blxr,-5
fiber,59
fiber,8
blxr,-7
fiber,17
fiber,4
blxr,-15
fiber,19
fiber,7
blxr,-4
fiber,17
blxr,-8
fiber,16
fiber,6
fiber,32
fiber,17
fiber,23
fiber,31
fiber,32
fiber,29
fiber,60
fiber,24
fiber,20
fiber,3
fiber,17
fiber,12
fiber,1
fiber,22
blxr,-15
blxr,-48
fiber,3
fiber,5
fiber,19
fiber,9
fiber,21
fiber,12
blxr,-1
blxr,-2
fiber,22
fiber,8
blxr,-29
blxr,-2
fiber,5
blxr,0
fiber,120
fiber,11
fiber,746
fiber,18
blxr,-3
blxr,-24
fiber,27
blxr,-30
fiber,45
fiber,48
fiber,1
fiber,16
blxr,0
blxr,-11
blxr,-12
fiber,31
blxr,-26
blxr,-27
fiber,14
fiber,18
fiber,10
blxr,-31
blxr,-8
blxr,-6
fiber,6
blxr,-11
blxr,-31
fiber,10
fiber,2
fiber,29
fiber,17
fiber,14
fiber,475
fiber,11
fiber,46
fiber,8
fiber,28
fiber,7
blxr,-11
fiber,39
blxr,-15
fiber,31
blxr,-13
blxr,-46
fiber,50
fiber,34
fiber,24
fiber,25
fiber,19
fiber,16
blxr,-24
fiber,2
blxr,-64
fiber,31
fiber,9
fiber,26
fiber,1
fiber,8
blxr,-2
fiber,1307
blxr,-3
fiber,40
fiber,45
fiber,20
fiber,56
blxr,-62
fiber,6
fiber,46
fiber,38
fiber,8
fiber,39
fiber,30
fiber,7
blxr,-10
fiber,12
fiber,28
fiber,22
fiber,22
fiber,22
fiber,30
fiber,12
fiber,2
blxr,-1
fiber,48
blxr,-158
fiber,24
fiber,32
blxr,-9
fiber,5
fiber,14
fiber,46
fiber,25
blxr,-4
blxr,-10
fiber,9
fiber,9
fiber,16
fiber,57
fiber,5
fiber,19
fiber,34
fiber,9
fiber,7
blxr,-1
blxr,-16
fiber,12
fiber,42
fiber,18
blxr,-6
fiber,12
blxr,-6
fiber,10
blxr,-15
blxr,-4
blxr,-6
fiber,6
fiber,34
fiber,9
fiber,70
fiber,21
fiber,35
fiber,9
fiber,56
fiber,4
fiber,4046
fiber,22
fiber,19
fiber,15
fiber,79
blxr,-29
fiber,17
blxr,-8
fiber,52
fiber,34
fiber,12
fiber,16
fiber,29
fiber,8
blxr,-7
fiber,36
fiber,2
blxr,-15
fiber,15
fiber,20
blxr,-3
fiber,70
fiber,76
blxr,-13
fiber,12
fiber,27
fiber,4
blxr,-5
fiber,42
fiber,267
blxr,-6
fiber,64
fiber,4
fiber,10
fiber,28
fiber,1
fiber,26
blxr,-33
fiber,34
blxr,-8
blxr,0
fiber,58
fiber,15
blxr,-4
fiber,14
fiber,10
fiber,25
fiber,19
fiber,44
fiber,6
fiber,11
fiber,16
fiber,1143
blxr,-10
fiber,31
blxr,-2
fiber,27
fiber,4
fiber,25
blxr,-3
fiber,19
fiber,42
fiber,16
fiber,17
fiber,61
fiber,10
fiber,22
fiber,16
fiber,7
blxr,-3
fiber,24
fiber,21
fiber,65
fiber,11
blxr,-14
fiber,81
fiber,30
fiber,7
fiber,17
blxr,-17
fiber,8
fiber,6
fiber,12
blxr,-15
fiber,17
fiber,6
blxr,-108
fiber,10
blxr,0
blxr,-13
fiber,33
fiber,4
fiber,41
blxr,-5
fiber,2
fiber,4
fiber,18
blxr,-13
fiber,24
fiber,15
blxr,-6
blxr,-6
blxr,-22
fiber,11
blxr,-53
fiber,19
blxr,-125
blxr,-10
blxr,-5
fiber,1899
fiber,4
fiber,14
blxr,-3
blxr,-7
fiber,23
fiber,25
blxr,-2
fiber,10
blxr,-7
fiber,2
fiber,5
blxr,-10
fiber,35
fiber,1
fiber,50
fiber,7
fiber,16
fiber,41
fiber,19
blxr,-7
fiber,69
fiber,646
fiber,20
fiber,13
fiber,43
fiber,13
fiber,10
fiber,8
fiber,14
fiber,79
fiber,13
fiber,15
fiber,8
fiber,37
blxr,-12
fiber,26
fiber,3
fiber,19
fiber,20
fiber,21
blxr,-12
fiber,30
fiber,527
fiber,36
fiber,12
fiber,35
fiber,11
fiber,19
fiber,42
fiber,1
fiber,18
fiber,22
blxr,-10
fiber,20
blxr,-13
blxr,-71
fiber,13
fiber,11
blxr,-9
blxr,-9
fiber,10
fiber,29
blxr,-9
fiber,47
fiber,67
blxr,-28
fiber,30
fiber,48
fiber,12
blxr,-2
fiber,7
fiber,1227
blxr,-36
fiber,1
fiber,61
fiber,31
fiber,8
fiber,3
blxr,-2
fiber,42
blxr,-9
blxr,-7
fiber,28
fiber,25
fiber,4
blxr,0
blxr,-1
fiber,25
fiber,42
blxr,-20
fiber,3
blxr,-4
fiber,21
fiber,15
blxr,-4
fiber,16
fiber,31
fiber,5
blxr,-9
fiber,37
fiber,3
blxr,0
blxr,-7
blxr,-265
fiber,19
fiber,13
fiber,9
fiber,17
fiber,16
fiber,23
fiber,12
blxr,-20
fiber,1
fiber,22
fiber,50
fiber,69
fiber,97
fiber,24
fiber,19
fiber,84
blxr,-19
fiber,21
fiber,2
fiber,3
fiber,41
fiber,6
blxr,0
blxr,-7
blxr,-26
fiber,8
fiber,26
fiber,34
fiber,3
blxr,-5
blxr,-2
blxr,-6
blxr,-45
fiber,23
blxr,-5
fiber,18
blxr,-13
fiber,13
fiber,210
fiber,32
fiber,64
blxr,-3
fiber,10
fiber,32
fiber,22
fiber,28
fiber,7
blxr,-12
blxr,-65
fiber,50
fiber,7
blxr,-20
fiber,79
fiber,22
blxr,-4
fiber,22
blxr,-4
fiber,9
fiber,4
fiber,10
fiber,17
fiber,30
blxr,-4
fiber,92
blxr,-8
fiber,47
fiber,26
fiber,38
blxr,-6
fiber,4
fiber,11
fiber,39
fiber,1
blxr,-6
fiber,5
fiber,16
fiber,91
fiber,10
fiber,15
blxr,-9
fiber,59
fiber,17
blxr,-27
fiber,23
fiber,16
fiber,18
fiber,26
blxr,-6
blxr,-5
fiber,21
fiber,45
fiber,7
fiber,45
fiber,63
blxr,-6
fiber,4
fiber,7
fiber,60
fiber,24
fiber,20
fiber,7
fiber,15
fiber,8
blxr,-5
fiber,11
fiber,1
fiber,16
blxr,-11
fiber,18
fiber,41
fiber,16
blxr,-7
blxr,-8
fiber,16
fiber,25
fiber,23
fiber,2
blxr,-4
fiber,36
blxr,-17
fiber,12
fiber,22
fiber,18
blxr,0
blxr,-20
fiber,28
fiber,96
fiber,45
fiber,45
fiber,21
fiber,15
fiber,31
fiber,8
blxr,-1
fiber,12
fiber,6
fiber,78
blxr,-6
blxr,-17
fiber,7
fiber,30
fiber,50
fiber,12
fiber,2
fiber,30
fiber,31
blxr,-46
fiber,4
fiber,22
fiber,6
fiber,9
fiber,12
fiber,45
fiber,43
fiber,22
blxr,-2
fiber,14
blxr,-13
blxr,-4
fiber,16
blxr,-8
blxr,-25
fiber,225
fiber,10
fiber,63
fiber,13
fiber,11
blxr,-6
fiber,12
fiber,5
fiber,93
fiber,29
fiber,22
fiber,18
fiber,9
blxr,-2
blxr,-1
blxr,-15
blxr,-4
fiber,90
fiber,11
blxr,-9
blxr,-23
blxr,-2
blxr,-26
fiber,8
fiber,80
fiber,27
fiber,18
fiber,10
fiber,532
fiber,4
blxr,-7
fiber,4
blxr,-5
fiber,31
blxr,-22
fiber,19
fiber,12
blxr,-15
fiber,104
blxr,-6
fiber,12
fiber,16
fiber,23
fiber,10
fiber,9
fiber,16
fiber,5
blxr,-6
fiber,17
fiber,19
fiber,2
fiber,12
fiber,3
fiber,32
fiber,16
fiber,14
fiber,56
fiber,1
blxr,-6
fiber,17
blxr,-11
blxr,0
fiber,10
fiber,79
fiber,74
fiber,16
fiber,14
blxr,-5
fiber,49
fiber,21
blxr,-11
fiber,6
fiber,33
blxr,-20
fiber,12
fiber,31
fiber,31
fiber,26
fiber,4
fiber,10
fiber,4
fiber,15
blxr,-15
fiber,59
fiber,12
fiber,36
fiber,13
fiber,19
fiber,5
fiber,26
blxr,-14
fiber,55
fiber,55
fiber,22
fiber,8
blxr,-10
fiber,4
fiber,8
fiber,1
fiber,12
fiber,32
fiber,16
fiber,13
fiber,13
fiber,30
fiber,13
fiber,18
blxr,-15
blxr,-4
fiber,1126
fiber,18
fiber,81
blxr,-28
fiber,13
blxr,-9
fiber,11
fiber,17
fiber,14
blxr,-21
fiber,181
fiber,20
blxr,-3
fiber,22
fiber,11
blxr,-4
fiber,31
fiber,17
fiber,5
fiber,9
fiber,65
fiber,6
fiber,4
blxr,-11
blxr,-16
fiber,14
fiber,8
blxr,-10
fiber,40
fiber,21
fiber,17
fiber,828
fiber,22
blxr,-21
fiber,5
fiber,18
fiber,15
fiber,110
fiber,32
fiber,41
blxr,-3
fiber,22
fiber,36
fiber,49
blxr,-83
blxr,-9
blxr,-8
fiber,27
blxr,-4
blxr,-3
fiber,7
fiber,29
fiber,61
blxr,-9
blxr,-39
fiber,67
fiber,16
fiber,32
fiber,24
blxr,-10
blxr,0
fiber,5
fiber,18
fiber,1
fiber,22
fiber,473
fiber,2
blxr,-4
fiber,26
fiber,19
blxr,-32
blxr,-1
fiber,71
fiber,52
fiber,14
fiber,14
blxr,-5
blxr,-6
fiber,23
blxr,-13
fiber,33
blxr,0
fiber,14
fiber,6
fiber,17
fiber,19
fiber,31
fiber,11
fiber,3
fiber,25
blxr,-2
fiber,957495
fiber,6
blxr,-3
blxr,-22
fiber,14
fiber,3
blxr,-29
fiber,1497
fiber,2
fiber,24
fiber,22
fiber,12
fiber,1446
fiber,48
fiber,35
fiber,26
fiber,6
fiber,30
blxr,-3
fiber,67
fiber,22
fiber,2
fiber,21
fiber,38
blxr,-15
fiber,37
fiber,42
blxr,-7
fiber,27
fiber,64
fiber,9
fiber,53
blxr,-28
blxr,-2
fiber,22
fiber,25
blxr,-7
fiber,9
fiber,31
fiber,17
fiber,7
blxr,-32
fiber,8
fiber,11
fiber,7
fiber,42
fiber,39
fiber,32
fiber,10
fiber,42
fiber,51
blxr,-3
fiber,10
fiber,67
fiber,10
fiber,7
fiber,25
blxr,-10
blxr,-7
fiber,15
fiber,8
blxr,-3
fiber,2
fiber,17
fiber,18
blxr,-17
fiber,20
blxr,-17
fiber,2
blxr,-29
fiber,42
blxr,-11
blxr,-9
fiber,34
fiber,2
blxr,-16
fiber,29
fiber,20
fiber,27
fiber,26
fiber,26
blxr,-6
fiber,24
fiber,2
blxr,-10
blxr,-7
fiber,19
blxr,0
blxr,-4
fiber,28
blxr,0
blxr,-15
fiber,18
fiber,18
fiber,566
fiber,22
fiber,20
fiber,35
blxr,-21
fiber,34
fiber,16
fiber,19
fiber,24
blxr,-2
blxr,-5
fiber,35
fiber,24
fiber,51
fiber,17
fiber,25
fiber,25
fiber,4
blxr,-4
fiber,70
blxr,-13
fiber,6
fiber,29
blxr,-4
fiber,15
blxr,-3
fiber,11
fiber,12
fiber,6
blxr,-4
fiber,62
fiber,12
fiber,1
fiber,22
fiber,19
fiber,44
blxr,-45
fiber,7
fiber,22
fiber,22
fiber,14
fiber,18
fiber,33
fiber,14
blxr,-11
fiber,79
blxr,-21
fiber,21
fiber,28
fiber,19
fiber,85
fiber,36
fiber,6
fiber,3825
blxr,-11
fiber,13
blxr,-13
blxr,-6
fiber,73
fiber,18
fiber,27
fiber,10
fiber,23
blxr,-6
fiber,33
blxr,-28
fiber,8
blxr,-33
fiber,10
blxr,-2
fiber,2
fiber,272
fiber,12
fiber,29
fiber,16
fiber,7
blxr,-3
fiber,2
blxr,-33
fiber,6
fiber,72
fiber,17
fiber,10
fiber,14
fiber,22
fiber,17
fiber,37
blxr,-19
fiber,1
fiber,57
blxr,0
fiber,14
blxr,-19
fiber,29
fiber,36
fiber,66
fiber,8
fiber,22
blxr,-9
fiber,19
fiber,10
fiber,2
fiber,18
blxr,-4
fiber,40
fiber,35
blxr,-8
fiber,28
blxr,-9
fiber,105
fiber,6
fiber,55
fiber,30
blxr,-6
fiber,18
blxr,-5
blxr,-9
blxr,-13
fiber,16
fiber,38
fiber,61
fiber,10
blxr,0
blxr,-3
fiber,12
fiber,33
fiber,38
blxr,-3
fiber,23
blxr,-9
blxr,-10
fiber,11
fiber,18
fiber,24
fiber,44
fiber,9
fiber,5
blxr,-2
fiber,1
fiber,26
fiber,24
blxr,-11
fiber,30
fiber,67
fiber,121180
blxr,-3
fiber,24
fiber,7
fiber,4
fiber,10
fiber,19
blxr,-1
fiber,54
fiber,23
blxr,-9
fiber,71
fiber,15
blxr,-9
fiber,30
fiber,37
fiber,9
fiber,3
fiber,5
fiber,41
blxr,-18
fiber,20
blxr,-37
fiber,19
fiber,24
fiber,2
fiber,4
blxr,-2
fiber,58
blxr,-8
fiber,1020
blxr,-5
fiber,34
fiber,33
fiber,67
fiber,6
fiber,18
fiber,31
fiber,9
fiber,11
fiber,31
fiber,16
blxr,-18
blxr,-9
blxr,-3
fiber,4
blxr,-13
fiber,10
fiber,36
fiber,23
fiber,16
fiber,22
fiber,16
fiber,21
fiber,7
fiber,68
fiber,16
blxr,-2
fiber,25
fiber,3
fiber,33
fiber,32
fiber,40
fiber,58
fiber,35
fiber,29
fiber,14
fiber,6
fiber,33
fiber,15
blxr,-8
fiber,9
fiber,16
fiber,35
blxr,-4
fiber,1694
fiber,96
fiber,18
fiber,18
fiber,23
fiber,21
fiber,415
fiber,25
fiber,22
blxr,-10
fiber,23
fiber,6
blxr,-22
fiber,12
blxr,-13
fiber,24
fiber,27
blxr,0
blxr,-23
fiber,572
fiber,22
blxr,-7
fiber,45
fiber,18
fiber,28
blxr,0
fiber,46
fiber,54
fiber,37
fiber,6
blxr,-1
fiber,1
fiber,12
fiber,17
fiber,48
fiber,32
fiber,3
fiber,15
fiber,13
fiber,13
fiber,26
fiber,48
fiber,9
fiber,4525
fiber,9
fiber,19
fiber,10
fiber,3
fiber,12
blxr,-15
fiber,10
fiber,1
fiber,9
fiber,15
fiber,19
fiber,9
fiber,6
fiber,23
blxr,-10
fiber,40
fiber,26
fiber,24
blxr,-84
fiber,34
fiber,37
blxr,0
fiber,11
fiber,19
fiber,68
fiber,12
fiber,7
blxr,-8
fiber,24
fiber,16
blxr,-10
fiber,20
fiber,5
fiber,8
fiber,6
blxr,-1
fiber,619
fiber,55
fiber,24
fiber,18
fiber,11
blxr,-172
fiber,14
fiber,14
fiber,19
blxr,-33
fiber,36
fiber,33
fiber,10
fiber,50
blxr,-127
fiber,19
fiber,11
fiber,41
blxr,0
fiber,13
blxr,-9
fiber,19
fiber,78
blxr,-8
fiber,18
fiber,35
blxr,-192
fiber,12
blxr,-1
fiber,14
blxr,-7
blxr,-1
fiber,27
fiber,15
fiber,18
blxr,-5
fiber,95
blxr,-10
fiber,15
fiber,19
fiber,45
fiber,48
fiber,1945
fiber,20
fiber,3
fiber,15
blxr,-1
fiber,4
fiber,33
fiber,7
fiber,1
blxr,-26
blxr,-5
fiber,43
fiber,9
blxr,-68
fiber,7
fiber,13
fiber,16
fiber,14
fiber,23
fiber,3
fiber,13
fiber,3
fiber,5
fiber,5
fiber,15
fiber,35
fiber,76
fiber,87
blxr,-1
fiber,10
blxr,-399
fiber,16
fiber,9
fiber,65
fiber,4
blxr,-22
fiber,21
fiber,26
blxr,-14
blxr,-9
fiber,40
fiber,12
fiber,18
fiber,27
fiber,71
fiber,27
blxr,-2
fiber,1238
fiber,84
fiber,17
fiber,67
fiber,16
fiber,19
fiber,34
fiber,30
fiber,24
fiber,16
fiber,36
fiber,20
fiber,32
fiber,24
fiber,17
fiber,11
blxr,-5
fiber,19
fiber,44
fiber,29
blxr,-17
fiber,22
fiber,11
fiber,11
fiber,23
blxr,-6
blxr,-2
fiber,16
fiber,43
blxr,-10
blxr,-1
blxr,-9
blxr,-10
fiber,16
blxr,-30
blxr,-9
fiber,12
fiber,16
fiber,7
fiber,3
blxr,-262
fiber,24
fiber,93
fiber,4
fiber,14
fiber,57
blxr,-2
blxr,-10
fiber,33
blxr,-2
blxr,0
fiber,13
fiber,10
fiber,20
fiber,13
blxr,-2
fiber,93
fiber,44
fiber,26
fiber,35
fiber,43
blxr,-22
fiber,33
fiber,7
fiber,15
fiber,4
fiber,19
blxr,-10
fiber,6
fiber,29
fiber,18
fiber,19
fiber,12
blxr,-5
fiber,23
fiber,50
blxr,0
fiber,5
fiber,42
fiber,37
fiber,7
fiber,13
fiber,33
fiber,48
fiber,2
blxr,-15
blxr,0
fiber,6
fiber,3
fiber,15
fiber,93
fiber,33
fiber,8
fiber,31
blxr,-1
blxr,-10
fiber,73
blxr,0
fiber,16
blxr,-21
fiber,7
blxr,-24
blxr,-18
fiber,71
fiber,73
fiber,22
fiber,4
fiber,14
fiber,3
fiber,38
fiber,83
fiber,21
fiber,18
blxr,-10
fiber,4
fiber,10
blxr,-3
fiber,2
fiber,36
fiber,27
fiber,17
fiber,18
fiber,20
blxr,-14
fiber,8
blxr,-1
fiber,39
blxr,-12
fiber,62
fiber,7
blxr,-4
fiber,516
fiber,46
fiber,28
fiber,1
fiber,17
fiber,43
blxr,0
fiber,540305
blxr,-34
fiber,8
fiber,18
fiber,4
blxr,-2
fiber,46
fiber,20
blxr,-3
blxr,-190
fiber,35
blxr,-10
fiber,11
fiber,23
fiber,67
fiber,33
fiber,84
fiber,28
fiber,2
fiber,16
fiber,48
fiber,55
fiber,15
fiber,7
fiber,65
blxr,-148
blxr,-1
fiber,10
fiber,24
fiber,15
fiber,24
fiber,10
fiber,29
fiber,16
fiber,30
blxr,-3
blxr,-4
fiber,26
blxr,-24
fiber,9
fiber,22
fiber,83
fiber,39
fiber,82
blxr,-1
blxr,-2
fiber,7
fiber,10
blxr,-7
blxr,-8
fiber,24
fiber,895
fiber,11
fiber,2
fiber,15
fiber,52
fiber,17
blxr,-3
blxr,-8
blxr,-15
blxr,-12
fiber,16
fiber,137
fiber,44
fiber,16
fiber,39
blxr,-51
blxr,-10
fiber,30
fiber,10
blxr,-3
blxr,-99
fiber,7
fiber,8
fiber,776
fiber,27
fiber,9
blxr,-16
fiber,6
blxr,-5
fiber,26
fiber,51
blxr,-5
fiber,9
fiber,54
fiber,20
blxr,-7
blxr,-8
fiber,9
fiber,20
blxr,-9
fiber,13
fiber,8
fiber,11
fiber,71
fiber,2
fiber,56
fiber,89
blxr,0
fiber,36
blxr,-8
blxr,-8
fiber,18
fiber,5
fiber,5
fiber,26
fiber,1825
fiber,30
blxr,0
blxr,-6
fiber,20
fiber,6
fiber,15
blxr,-1
fiber,5
fiber,12
fiber,53
blxr,-15
fiber,27
blxr,-13
fiber,15
fiber,18
blxr,-25
fiber,26
fiber,12
fiber,35
fiber,18
fiber,77
fiber,2
fiber,93
fiber,15
fiber,11
fiber,21
blxr,-4
fiber,30
blxr,-3
fiber,33
fiber,9
fiber,354
fiber,67
fiber,50
fiber,9
fiber,35
fiber,9
fiber,9
blxr,-7
blxr,-12
blxr,-8
fiber,12
fiber,54
fiber,5
fiber,9
fiber,6
fiber,10
fiber,1
fiber,3
fiber,26
fiber,13
fiber,25
blxr,-27
fiber,68
fiber,17
fiber,8
blxr,-17
fiber,33
blxr,-8
fiber,49
blxr,-7
fiber,6
blxr,-4
fiber,57
fiber,14
fiber,15
fiber,13
fiber,36
fiber,21
fiber,22
fiber,32
fiber,25
fiber,42
fiber,38
fiber,20
fiber,15
fiber,670477
fiber,55
fiber,46
blxr,-17
fiber,16
fiber,31
fiber,63
blxr,-2
fiber,4
fiber,22
blxr,-21
fiber,28
blxr,-17
fiber,57
fiber,22
fiber,14
fiber,13
fiber,20
fiber,22
fiber,17
fiber,3
fiber,12
blxr,-8
fiber,73
fiber,9
fiber,29
blxr,-9
fiber,15
fiber,26
fiber,3
fiber,49
blxr,-72
fiber,47
fiber,36
fiber,3
fiber,22
fiber,95
blxr,-5
fiber,8
fiber,102
blxr,-13
fiber,10
blxr,-7
fiber,11
fiber,29
fiber,16
fiber,59
fiber,41
fiber,13
fiber,12
fiber,21
fiber,10
fiber,23
blxr,-16
fiber,13
fiber,56
fiber,462
fiber,3
fiber,33
fiber,23
fiber,3
fiber,31
fiber,10
blxr,-10
fiber,14
fiber,12
fiber,41
fiber,11
fiber,6
blxr,-15
fiber,49
fiber,73
fiber,32
fiber,43
fiber,3
fiber,27
fiber,13
fiber,14
fiber,60
blxr,-7
fiber,56
fiber,24
fiber,8
fiber,14
fiber,48
blxr,-6
fiber,6
fiber,4
blxr,-1
blxr,-2
blxr,-3
fiber,7
blxr,-15
fiber,15
fiber,5
fiber,12
fiber,36
fiber,28
fiber,1
fiber,23
fiber,18
fiber,21
fiber,46
blxr,0
fiber,35
fiber,6
blxr,-17
blxr,-10
fiber,55
blxr,-8
blxr,-10
fiber,31
fiber,11
fiber,22
blxr,-16
fiber,14
blxr,-2
fiber,15
fiber,13
fiber,5
fiber,18
fiber,18
fiber,18
blxr,-3
blxr,-1
fiber,37
fiber,12
